Player,Span,Gender,Country,Region,Matches,Wickets,Bowling average,Economy Rate,Strike Rate
EA Perry,2007-2021,Female,Australia,Other,118,152,25.17,4.39,34.4
LC Sthalekar,2001-2013,Female,Australia,Other,125,146,24.97,3.66,40.8
CL Fitzpatrick,2000-2007,Female,Australia,Other,74,127,16.88,3.1,32.6
JL Jonassen,2012-2021,Female,Australia,Other,74,113,19.97,3.95,30.2
M Schutt,2012-2021,Female,Australia,Other,65,99,21.84,4.22,31
S Nitschke,2004-2011,Female,Australia,Other,80,98,22.14,3.58,37
EA Osborne,2009-2016,Female,Australia,Other,60,68,25.57,4.02,38.1
J Hayes,2000-2006,Female,Australia,Other,59,65,24.23,2.98,48.6
KL Rolton,2000-2009,Female,Australia,Other,108,55,22.69,3.15,43.1
SJ Andrews,2006-2010,Female,Australia,Other,39,54,21.14,4.11,30.8
CR Smith,2000-2011,Female,Australia,Other,48,45,25.68,3.15,48.8
SJ Coyte,2011-2016,Female,Australia,Other,30,44,22.27,4.14,32.2
A Gardner,2017-2021,Female,Australia,Other,39,43,26.86,4.13,38.9
KM Beams,2014-2017,Female,Australia,Other,30,42,22.45,3.79,35.4
RM Farrell,2007-2017,Female,Australia,Other,44,42,30.78,4.15,44.5
CL Mason,2000-2001,Female,Australia,Other,20,41,12.26,2.86,25.6
EM Sampson,2007-2009,Female,Australia,Other,30,39,24.02,3.74,38.4
TA McGregor,2000-2002,Female,Australia,Other,24,36,15.97,2.77,34.5
KE Pike,2005-2008,Female,Australia,Other,26,34,23.97,3.78,37.9
E Liddell,2002-2005,Female,Australia,Other,33,32,29.4,3.53,49.8
HL Ferling,2013-2016,Female,Australia,Other,22,24,22,4.39,30
JL Hunter,2010-2014,Female,Australia,Other,24,24,24.87,3.68,40.5
G Wareham,2018-2021,Female,Australia,Other,23,24,29.33,4.24,41.5
AJ Fahey,2000-2001,Female,Australia,Other,18,23,18.69,2.98,37.5
S Molineux,2018-2021,Female,Australia,Other,9,17,13.29,3.11,25.5
NJ Carey,2018-2021,Female,Australia,Other,20,16,31.37,4.08,46
A Wellington,2016-2018,Female,Australia,Other,12,15,31.8,4.86,39.2
DM Kimmince,2008-2019,Female,Australia,Other,16,14,29.42,3.86,45.7
KL Britt,2003-2008,Female,Australia,Other,17,11,24.54,4.35,33.8
GM Harris,2016-2016,Female,Australia,Other,9,11,20.36,3.44,35.4
LM Keightley,2000-2005,Female,Australia,Other,52,8,9.75,3.25,18
OJ Magno,2000-2001,Female,Australia,Other,13,8,33.37,3.1,64.5
ZJ Goss,2000-2000,Female,Australia,Other,7,7,9.42,2.16,26.1
RL Haynes,2009-2021,Female,Australia,Other,65,7,13.42,5.22,15.4
EJ Villani,2014-2019,Female,Australia,Other,34,7,35.71,5.95,36
TJ Vlaeminck,2018-2021,Female,Australia,Other,8,7,28.71,3.94,43.7
AJ Blackwell,2003-2017,Female,Australia,Other,144,6,10.5,2.86,22
D Brown,2021-2021,Female,Australia,Other,3,5,20.4,5.1,24
TM McGrath,2016-2021,Female,Australia,Other,8,5,44.2,5.61,47.2
A Sutherland,2020-2021,Female,Australia,Other,4,5,20.6,4.68,26.4
LC Broadfoot,2000-2005,Female,Australia,Other,10,4,19.25,2.75,42
SA Millanta,2011-2012,Female,Australia,Other,6,4,72.5,5.93,73.2
LK Ebsary,2008-2010,Female,Australia,Other,19,3,28.33,4.04,42
LJ Poulton,2006-2012,Female,Australia,Other,48,3,32.66,4.08,48
SE Aley,2017-2017,Female,Australia,Other,1,2,14.5,2.9,30
NE Bolton,2014-2019,Female,Australia,Other,50,2,18,7.2,15
L Cheatle,2017-2019,Female,Australia,Other,4,2,71,5.91,72
HJ Darlington,2021-2021,Female,Australia,Other,2,2,32.5,5.41,36
SJ Elliott,2005-2010,Female,Australia,Other,22,2,28,4.3,39
J Broadbent,2000-2000,Female,Australia,Other,10,1,3,0.75,24
S Campbell,2021-2021,Female,Australia,Other,1,1,41,4.55,54
BJ Clark,2000-2005,Female,Australia,Other,63,1,8,4,12
JE Duffin,2009-2015,Female,Australia,Other,50,1,16,5.33,18
H Graham,2019-2019,Female,Australia,Other,1,1,29,3.62,48
MM Lanning,2011-2021,Female,Australia,Other,88,1,114,5.18,132
KA Blackwell,2004-2008,Female,Australia,Other,41,0,-,5.33,-
EA Burns,2019-2019,Female,Australia,Other,1,0,-,6,-
RK Chappell,2013-2013,Female,Australia,Other,2,0,-,4.5,-
MAJ Goszko,2001-2006,Female,Australia,Other,24,0,-,4,-
AR Maloney,2011-2011,Female,Australia,Other,1,0,-,5,-
B Vakarewa,2017-2017,Female,Australia,Other,1,0,-,5.5,-
Rumana Ahmed,2011-2021,Female,Bangladesh,Indian Subcontinent,42,45,24.26,3.63,40
Khadija Tul Kubra,2011-2021,Female,Bangladesh,Indian Subcontinent,31,42,19.85,3.45,34.4
Salma Khatun,2011-2021,Female,Bangladesh,Indian Subcontinent,37,41,22.65,3.51,38.6
Jahanara Alam,2011-2021,Female,Bangladesh,Indian Subcontinent,40,38,29.1,4.08,42.7
Nahida Akter,2015-2021,Female,Bangladesh,Indian Subcontinent,19,26,17.03,3.26,31.3
Panna Ghosh,2011-2019,Female,Bangladesh,Indian Subcontinent,28,15,43,4.05,63.6
Lata Mondal,2011-2021,Female,Bangladesh,Indian Subcontinent,24,13,23.69,3.65,38.8
Fahima Khatun,2013-2021,Female,Bangladesh,Indian Subcontinent,18,8,40.62,4.44,54.8
Ritu Moni,2012-2021,Female,Bangladesh,Indian Subcontinent,19,5,45.8,3.98,69
Shukhtara Rahman,2011-2013,Female,Bangladesh,Indian Subcontinent,11,5,34.8,3.7,56.4
Shohely Akhter,2013-2014,Female,Bangladesh,Indian Subcontinent,2,3,16.33,3.26,30
Fariha Trisna,2021-2021,Female,Bangladesh,Indian Subcontinent,1,2,8.5,5.1,10
Suraiya Azmin,2017-2018,Female,Bangladesh,Indian Subcontinent,3,2,28.5,7.77,22
Shaila Sharmin,2013-2017,Female,Bangladesh,Indian Subcontinent,9,1,79,5.26,90
Tazia Akhter,2012-2013,Female,Bangladesh,Indian Subcontinent,4,1,30,3.75,48
S Mostary,2018-2021,Female,Bangladesh,Indian Subcontinent,4,0,-,10,-
Sanjida Islam,2014-2019,Female,Bangladesh,Indian Subcontinent,16,0,-,12,-
Shathira Jakir,2011-2013,Female,Bangladesh,Indian Subcontinent,2,0,-,7.09,-
Tithy Sarkar,2012-2012,Female,Bangladesh,Indian Subcontinent,1,0,-,5,-
KH Brunt,2005-2021,Female,England,Other,130,160,23.24,3.51,39.6
JL Gunn,2004-2019,Female,England,Other,144,136,28.1,3.88,43.4
LA Marsh,2006-2019,Female,England,Other,103,129,26.84,3.89,41.3
IT Guha,2001-2011,Female,England,Other,83,101,23.21,3.73,37.2
HL Colvin,2006-2013,Female,England,Other,72,98,21.8,3.58,36.5
A Shrubsole,2008-2021,Female,England,Other,75,95,25.83,4.18,37
LC Pearson,2000-2005,Female,England,Other,57,65,22.8,3.08,44.3
CJ Connor,2000-2005,Female,England,Other,70,63,26.69,3.57,44.8
D Hazell,2009-2018,Female,England,Other,53,59,28.96,3.92,44.2
CE Taylor,2000-2005,Female,England,Other,57,57,24.66,3.12,47.2
NR Sciver,2013-2021,Female,England,Other,77,54,27.75,4.32,38.5
S Ecclestone,2016-2021,Female,England,Other,35,53,22.62,3.8,35.6
HC Knight,2010-2021,Female,England,Other,112,53,24.6,4.41,33.4
KL Cross,2013-2021,Female,England,Other,35,50,22.24,4.28,31.1
RA Birch,2003-2008,Female,England,Other,37,46,18.04,3.71,29.1
CM Edwards,2000-2016,Female,England,Other,174,45,23.64,4.43,32
NJ Shaw,2000-2010,Female,England,Other,69,45,29.71,3.39,52.5
A Hartley,2016-2019,Female,England,Other,28,39,24.35,4.1,35.6
A Brindle,2000-2014,Female,England,Other,87,35,22.17,4.51,29.4
DN Wyatt,2010-2021,Female,England,Other,81,27,28.51,5.03,34
GA Elwiss,2011-2019,Female,England,Other,36,26,26.11,3.71,42.1
BL Morgan,2003-2011,Female,England,Other,69,25,37.24,4.73,47.2
LJ Harper,2000-2005,Female,England,Other,22,24,19.79,3.07,38.6
SV Collyer,2000-2003,Female,England,Other,18,23,22.73,3.53,38.5
D Holden,2000-2004,Female,England,Other,29,19,37.89,3.84,59.1
MA Reynard,2000-2002,Female,England,Other,27,19,36.05,4.52,47.8
LK Newton,2000-2007,Female,England,Other,66,16,52.56,4.61,68.3
KM Leng,2000-2003,Female,England,Other,28,13,27.92,4.14,40.3
S Glenn,2019-2021,Female,England,Other,9,12,23.08,4.14,33.4
CE Dean,2021-2021,Female,England,Other,5,10,19.2,4.64,24.8
L Spragg,2001-2004,Female,England,Other,11,10,18.7,3.16,35.4
RL Grundy,2015-2016,Female,England,Other,7,9,31.22,4.13,45.3
HA Wardlaw,2002-2004,Female,England,Other,7,7,26.42,4.4,36
LRF Askew,2007-2008,Female,England,Other,8,6,46.16,4.94,56
SA Davies,2008-2008,Female,England,Other,4,6,24.5,4.9,30
JK Watts,2005-2005,Female,England,Other,7,6,35,4.24,49.5
SL Clarke,2001-2002,Female,England,Other,6,5,16.8,4.23,23.8
FR Davies,2019-2021,Female,England,Other,5,5,33.6,4.54,44.4
NE Farrant,2013-2021,Female,England,Other,5,5,29.2,4.07,43
KL George,2018-2018,Female,England,Other,2,4,17.5,5.6,18.7
BA Langston,2016-2016,Female,England,Other,4,2,47,3.03,93
EJCLRC Rainford-Brent,2001-2010,Female,England,Other,22,2,45,5.62,48
LC Davis,2000-2001,Female,England,Other,2,1,20,2.85,42
CL Russell,2007-2007,Female,England,Other,2,1,45,5,54
BF Smith,2019-2019,Female,England,Other,1,1,20,2.5,48
AL Walker,2001-2001,Female,England,Other,3,1,29,3.22,54
KV Winks,2000-2000,Female,England,Other,2,1,27,5.4,30
CMG Atkins,2001-2010,Female,England,Other,58,0,-,4,-
CE Gough,2001-2001,Female,England,Other,3,0,-,3,-
J Hawker,2001-2002,Female,England,Other,4,0,-,9.5,-
KGE Oakenfold,2001-2001,Female,England,Other,3,0,-,1.5,-
J Goswami,2002-2021,Female,India,Indian Subcontinent,192,240,21.59,3.31,39.1
N David,2000-2008,Female,India,Indian Subcontinent,80,126,15.65,2.95,31.8
N Al Khadeer,2002-2012,Female,India,Indian Subcontinent,78,100,24.02,3.57,40.3
E Bisht,2011-2021,Female,India,Indian Subcontinent,62,97,21.42,3.73,34.4
A Sharma,2002-2014,Female,India,Indian Subcontinent,116,87,32.52,3.73,52.3
Poonam Yadav,2013-2021,Female,India,Indian Subcontinent,54,76,24.39,3.94,37.1
RS Gayakwad,2014-2021,Female,India,Indian Subcontinent,47,75,18.86,3.44,32.9
S Pandey,2014-2021,Female,India,Indian Subcontinent,55,75,21.92,3.99,32.9
DB Sharma,2014-2021,Female,India,Indian Subcontinent,64,69,30.78,4.03,45.7
G Sultana,2008-2014,Female,India,Indian Subcontinent,50,66,19.39,3.32,34.9
R Dhar,2003-2012,Female,India,Indian Subcontinent,78,63,27.38,3.43,47.8
DM Marathe,2000-2005,Female,India,Indian Subcontinent,50,48,22.77,2.86,47.7
P Dimri,2006-2010,Female,India,Indian Subcontinent,23,28,23.21,3.2,43.4
H Kaur,2009-2021,Female,India,Indian Subcontinent,107,26,47.84,5.21,55
N Niranjana,2008-2016,Female,India,Indian Subcontinent,22,24,28.04,4.18,40.2
R Malhotra,2003-2013,Female,India,Indian Subcontinent,41,22,30.54,4.77,38.4
M Maben,2002-2004,Female,India,Indian Subcontinent,33,21,12.14,3.5,20.7
P Roy,2008-2011,Female,India,Indian Subcontinent,27,19,22.57,3.86,35
M Joshi,2017-2021,Female,India,Indian Subcontinent,14,16,23.68,3.97,35.7
DP David,2004-2012,Female,India,Indian Subcontinent,15,15,27.06,3.35,48.4
A Das,2012-2013,Female,India,Indian Subcontinent,11,13,27.53,3.78,43.6
D Palshikar,2006-2008,Female,India,Indian Subcontinent,15,12,18,3.54,30.5
S Singh,2000-2002,Female,India,Indian Subcontinent,18,12,28.83,2.62,65.8
SA Paranjpe,2002-2007,Female,India,Indian Subcontinent,28,11,37.81,4.35,52
SL Pujare,2008-2008,Female,India,Indian Subcontinent,8,11,20.18,4.03,30
V Raffel,2004-2006,Female,India,Indian Subcontinent,9,11,20.72,3.34,37.1
S Rana,2014-2021,Female,India,Indian Subcontinent,11,10,40.1,4.55,52.8
R Shastri,2000-2000,Female,India,Indian Subcontinent,8,10,22.2,3.67,36.2
A Chopra,2000-2012,Female,India,Indian Subcontinent,112,9,42.11,4.06,62.1
MDT Kamini,2006-2017,Female,India,Indian Subcontinent,39,9,30.11,4.23,42.6
H Kala,2000-2008,Female,India,Indian Subcontinent,74,8,35.75,4.45,48.1
M Raj,2000-2021,Female,India,Indian Subcontinent,217,8,11.37,3.19,21.3
A Kirkire,2000-2005,Female,India,Indian Subcontinent,30,7,10.28,3.37,18.2
P Rau,2000-2000,Female,India,Indian Subcontinent,8,7,25.42,3.23,47.1
S Sharma,2012-2014,Female,India,Indian Subcontinent,10,7,48.42,4.46,65.1
DP Vaidya,2016-2018,Female,India,Indian Subcontinent,9,6,22.5,3.73,36.1
S Harikrishna,2000-2000,Female,India,Indian Subcontinent,8,5,26.2,2.38,66
SN Pradhan,2008-2011,Female,India,Indian Subcontinent,6,5,27.4,3.8,43.2
Soniya Dabir,2010-2011,Female,India,Indian Subcontinent,4,4,24,4.57,31.5
B Goyal,2002-2003,Female,India,Indian Subcontinent,4,4,20.25,2.89,42
M Kanojia,2003-2012,Female,India,Indian Subcontinent,7,4,45.25,5.32,51
R Margrate,2000-2000,Female,India,Indian Subcontinent,6,4,28,2.85,58.7
P Vastrakar,2018-2021,Female,India,Indian Subcontinent,10,4,77.75,5.75,81
RR Goyal,2006-2007,Female,India,Indian Subcontinent,5,3,24,2.17,66.3
D Hemalatha,2018-2021,Female,India,Indian Subcontinent,7,3,49,5.44,54
V Krishnamurthy,2011-2018,Female,India,Indian Subcontinent,48,3,22,3.47,38
S Rath,2013-2013,Female,India,Indian Subcontinent,3,3,24.33,3.65,40
R Dhrub,2013-2013,Female,India,Indian Subcontinent,3,2,33.5,3.19,63
Preeti Bose,2016-2016,Female,India,Indian Subcontinent,1,2,4,1,24
K Roy,2000-2000,Female,India,Indian Subcontinent,1,2,10.5,2.1,30
N Buley,2006-2006,Female,India,Indian Subcontinent,1,1,24,3.42,42
Meghna Singh,2021-2021,Female,India,Indian Subcontinent,3,1,102,4.85,126
MR Meshram,2012-2019,Female,India,Indian Subcontinent,26,1,119,4.95,144
SK Naidu,2005-2009,Female,India,Indian Subcontinent,4,1,67,6.09,66
C Prathyusha,2021-2021,Female,India,Indian Subcontinent,1,1,60,6.66,54
PG Raut,2009-2021,Female,India,Indian Subcontinent,73,1,4,0.8,30
JI Rodrigues,2018-2021,Female,India,Indian Subcontinent,21,1,6,3,12
K Dhokarikar,2000-2000,Female,India,Indian Subcontinent,1,0,-,3,-
SD Gupta,2011-2011,Female,India,Indian Subcontinent,1,0,-,5.2,-
SK Parida,2016-2016,Female,India,Indian Subcontinent,1,0,-,2.8,-
RK Parwin,2013-2013,Female,India,Indian Subcontinent,1,0,-,4.85,-
MC Patel,2021-2021,Female,India,Indian Subcontinent,2,0,-,4.05,-
B Sarkar,2003-2003,Female,India,Indian Subcontinent,1,0,-,3.4,-
AP Shinde,2002-2002,Female,India,Indian Subcontinent,5,0,-,4.06,-
N Tanwar,2011-2011,Female,India,Indian Subcontinent,5,0,-,5.28,-
RP Yadav,2021-2021,Female,India,Indian Subcontinent,1,0,-,7.03,-
SK Yadav,2017-2017,Female,India,Indian Subcontinent,1,0,-,4.87,-
AL Watkins,2002-2011,Female,New Zealand,Other,103,92,31.04,3.9,47.7
NJ Browne,2002-2014,Female,New Zealand,Other,125,88,34.14,3.94,51.9
SFM Devine,2006-2021,Female,New Zealand,Other,116,82,37.12,4.43,50.2
LMM Tahuhu,2011-2021,Female,New Zealand,Other,75,82,30.95,4.46,41.5
SW Bates,2006-2021,Female,New Zealand,Other,130,75,33.17,4.94,40.2
LM Kasperek,2015-2021,Female,New Zealand,Other,39,65,19.43,3.98,29.2
AC Kerr,2016-2021,Female,New Zealand,Other,41,60,25.4,4.46,34.1
RJ Pullar,2000-2005,Female,New Zealand,Other,42,60,16.03,2.63,36.5
LE Milliken,2002-2007,Female,New Zealand,Other,48,59,23.88,3.8,37.6
HM Watson,2000-2008,Female,New Zealand,Other,63,54,23.87,3.1,46
MJG Nielsen,2010-2016,Female,New Zealand,Other,52,53,26.75,3.61,44.3
HM Tiffen,2000-2009,Female,New Zealand,Other,113,49,19.48,3.46,33.7
HR Huddleston,2014-2020,Female,New Zealand,Other,36,46,24.3,4.39,33.1
AE Satterthwaite,2007-2021,Female,New Zealand,Other,133,46,30.84,4.59,40.2
EM Bermingham,2010-2017,Female,New Zealand,Other,34,43,24.34,4.01,36.3
SJ Tsukigawa,2006-2009,Female,New Zealand,Other,42,35,32.02,4.38,43.8
RJ Steele,2003-2005,Female,New Zealand,Other,32,34,24.44,2.83,51.7
LR Doolan,2008-2013,Female,New Zealand,Other,40,32,31.34,4.67,40.2
HM Rowe,2015-2021,Female,New Zealand,Other,30,30,27.96,4.33,38.6
KL Pulford,2000-2010,Female,New Zealand,Other,43,29,26.68,3.96,40.4
AM Dodd,2002-2006,Female,New Zealand,Other,31,28,26.96,3.64,44.3
AM Peterson,2012-2019,Female,New Zealand,Other,32,27,17.85,3.5,30.5
SK Burke,2003-2008,Female,New Zealand,Other,36,25,40.76,3.98,61.4
SEA Ruck,2010-2013,Female,New Zealand,Other,27,24,32.75,3.68,53.2
KM Keenan,2000-2000,Female,New Zealand,Other,17,23,13.91,2.13,39.1
BH McNeill,2004-2009,Female,New Zealand,Other,23,23,29.56,3.88,45.6
FS King,2002-2003,Female,New Zealand,Other,15,21,19.23,3.73,30.9
KE Ebrahim,2010-2018,Female,New Zealand,Other,31,20,36.75,4.01,54.9
RH Candy,2007-2013,Female,New Zealand,Other,18,18,30.61,4.59,40
KA Ramel,2000-2002,Female,New Zealand,Other,31,18,27.77,3.66,45.4
CA Campbell,2000-2000,Female,New Zealand,Other,20,17,24.94,2.56,58.2
HNK Jensen,2014-2021,Female,New Zealand,Other,23,14,44.64,4.72,56.6
FL Mackay,2011-2021,Female,New Zealand,Other,21,13,32.61,4.47,43.6
AJ Green,2003-2004,Female,New Zealand,Other,14,12,32.25,3.59,53.8
EC Drumm,2000-2006,Female,New Zealand,Other,53,11,14.81,4.28,20.7
TMM Newton,2016-2017,Female,New Zealand,Other,10,11,25,4.29,34.9
JM Kerr,2020-2021,Female,New Zealand,Other,10,10,31.3,4.31,43.5
CM Nicholson,2000-2000,Female,New Zealand,Other,9,10,18.4,2.28,48.4
GA Guy,2014-2015,Female,New Zealand,Other,7,9,19.66,3.67,32.1
AK Burrows,2009-2010,Female,New Zealand,Other,9,7,38.14,4.75,48.1
N Scripps,2003-2005,Female,New Zealand,Other,7,6,34.33,4.09,50.3
JM Watkin,2018-2018,Female,New Zealand,Other,6,6,18.83,3.83,29.5
KS Anderson,2011-2011,Female,New Zealand,Other,6,5,37.4,4.92,45.6
FC Leydon-Davis,2014-2014,Female,New Zealand,Other,1,5,3.6,2.16,10
ET McDonald,2000-2000,Female,New Zealand,Other,3,5,10,2.08,28.8
RA Mair,2019-2021,Female,New Zealand,Other,11,4,105,5.18,121.5
EM Campbell,2010-2010,Female,New Zealand,Other,2,2,34.5,4.92,42
SRH Curtis,2014-2017,Female,New Zealand,Other,20,2,27,5.4,30
BM Halliday,2021-2021,Female,New Zealand,Other,11,2,20,5,24
DA Hockley,2000-2000,Female,New Zealand,Other,20,2,19,2.53,45
MM Penfold,2021-2021,Female,New Zealand,Other,2,2,42.5,5,51
SE Charteris,2007-2007,Female,New Zealand,Other,5,1,102,6.37,96
ML Green,2014-2021,Female,New Zealand,Other,42,1,118,6.32,112
N Payne,2000-2003,Female,New Zealand,Other,28,1,22,4.4,30
PA Gruber,2000-2000,Female,New Zealand,Other,2,0,-,3.5,-
FC Jonas,2021-2021,Female,New Zealand,Other,2,0,-,6.36,-
EC Perry,2010-2017,Female,New Zealand,Other,17,0,-,6.25,-
MF Tunupopo,2000-2000,Female,New Zealand,Other,3,0,-,3.16,-
Sana Mir,2005-2019,Female,Pakistan,Indian Subcontinent,120,151,24.27,3.7,39.3
Sadia Yousuf,2008-2017,Female,Pakistan,Indian Subcontinent,59,78,22.78,3.75,36.3
Nida Dar,2010-2021,Female,Pakistan,Indian Subcontinent,84,74,31.01,3.99,46.5
Asmavia Iqbal,2005-2017,Female,Pakistan,Indian Subcontinent,92,70,36.2,4.65,46.6
Nashra Sandhu,2017-2021,Female,Pakistan,Indian Subcontinent,42,54,28.29,4.19,40.4
Sajjida Shah,2000-2009,Female,Pakistan,Indian Subcontinent,60,51,28.88,3.24,53.4
Shaiza Khan,2000-2004,Female,Pakistan,Indian Subcontinent,29,51,19.27,3.81,30.3
Qanita Jalil,2005-2015,Female,Pakistan,Indian Subcontinent,66,50,29.24,3.97,44.1
Anam Amin,2014-2021,Female,Pakistan,Indian Subcontinent,29,44,18.47,3.52,31.4
Bismah Maroof,2006-2019,Female,Pakistan,Indian Subcontinent,108,44,25.47,3.97,38.4
Diana Baig,2015-2021,Female,Pakistan,Indian Subcontinent,35,37,30.94,4.65,39.8
Urooj Mumtaz,2004-2009,Female,Pakistan,Indian Subcontinent,38,36,24.38,4.85,30.1
Khursheed Jabeen,2000-2006,Female,Pakistan,Indian Subcontinent,30,26,28.88,3.3,52.4
Fatima Sana,2019-2021,Female,Pakistan,Indian Subcontinent,15,21,25.57,5.79,26.4
Javeria Khan,2008-2021,Female,Pakistan,Indian Subcontinent,115,17,37.41,4.43,50.5
Sharmeen Khan,2000-2002,Female,Pakistan,Indian Subcontinent,15,14,32.71,4.2,46.7
Sumaiya Siddiqi,2007-2015,Female,Pakistan,Indian Subcontinent,19,14,31.92,3.48,55
Kiran Baluch,2000-2004,Female,Pakistan,Indian Subcontinent,29,13,43,3.29,78.2
Nazia Nazir,2000-2004,Female,Pakistan,Indian Subcontinent,22,13,23.61,3.67,38.5
Sabahat Rasheed,2005-2007,Female,Pakistan,Indian Subcontinent,13,12,33.83,3.97,51
Sadia Iqbal,2019-2021,Female,Pakistan,Indian Subcontinent,9,10,31.8,4.23,45.1
Almas Akram,2008-2009,Female,Pakistan,Indian Subcontinent,12,9,23.55,4,35.3
Kainat Imtiaz,2011-2021,Female,Pakistan,Indian Subcontinent,15,9,44.44,6.15,43.3
Marina Iqbal,2009-2017,Female,Pakistan,Indian Subcontinent,36,8,37.37,4,56
Sania Khan,2009-2016,Female,Pakistan,Indian Subcontinent,17,8,58.12,4.61,75.6
Omaima Sohail,2018-2021,Female,Pakistan,Indian Subcontinent,22,8,30.12,4.56,39.6
Aliya Riaz,2014-2021,Female,Pakistan,Indian Subcontinent,38,7,93.57,5.41,103.7
Masooma Junaid,2011-2011,Female,Pakistan,Indian Subcontinent,10,7,19.85,3.2,37.1
Ghulam Fatima,2017-2017,Female,Pakistan,Indian Subcontinent,3,6,18.16,4.44,24.5
Maham Tariq,2014-2017,Female,Pakistan,Indian Subcontinent,8,5,55.4,6.75,49.2
Rabia Khan,2001-2002,Female,Pakistan,Indian Subcontinent,13,5,22.2,3.36,39.6
Aiman Anwer,2017-2019,Female,Pakistan,Indian Subcontinent,7,4,40.25,3.92,61.5
Kanwal Naz,2010-2010,Female,Pakistan,Indian Subcontinent,3,4,20.5,4.1,30
Mahewish Khan,2000-2001,Female,Pakistan,Indian Subcontinent,11,4,39.75,3.78,63
Maryam Butt,2003-2006,Female,Pakistan,Indian Subcontinent,12,4,41.25,3.66,67.5
Sadia Butt,2000-2004,Female,Pakistan,Indian Subcontinent,16,4,40.25,4.02,60
Shumaila Qureshi,2010-2010,Female,Pakistan,Indian Subcontinent,3,4,27.75,4.82,34.5
Iram Javed,2013-2021,Female,Pakistan,Indian Subcontinent,21,3,26.66,5.33,30
Rameen Shamim,2019-2021,Female,Pakistan,Indian Subcontinent,3,3,43,6.97,37
Naila Nazir,2009-2009,Female,Pakistan,Indian Subcontinent,3,2,43,5.37,48
Syeda Aroob Shah,2019-2019,Female,Pakistan,Indian Subcontinent,2,2,18.5,3.7,30
Zehmarad Afzal,2000-2004,Female,Pakistan,Indian Subcontinent,23,2,66.5,4.58,87
Batool Fatima,2001-2014,Female,Pakistan,Indian Subcontinent,83,1,61,4.06,90
Javeria Rauf,2013-2014,Female,Pakistan,Indian Subcontinent,4,1,55,5.5,60
Nahida Khan,2009-2021,Female,Pakistan,Indian Subcontinent,62,1,18,3,36
Natalia Pervaiz,2018-2018,Female,Pakistan,Indian Subcontinent,3,1,70,5,84
Deebah Sherazi,2000-2000,Female,Pakistan,Indian Subcontinent,4,0,-,8.33,-
Elizebath Khan,2012-2012,Female,Pakistan,Indian Subcontinent,1,0,-,3,-
Mariam Agha,2004-2004,Female,Pakistan,Indian Subcontinent,3,0,-,13,-
Sabeen Rezvi,2002-2002,Female,Pakistan,Indian Subcontinent,6,0,-,4.33,-
Sana Javed,2005-2008,Female,Pakistan,Indian Subcontinent,20,0,-,8,-
S Ismail,2007-2021,Female,South Africa,Other,110,154,21.17,3.65,34.7
D van Niekerk,2009-2021,Female,South Africa,Other,107,138,19.14,3.46,33.1
M Kapp,2009-2021,Female,South Africa,Other,118,134,23.88,3.67,39
S Luus,2012-2021,Female,South Africa,Other,88,106,20.12,4.5,26.8
A Khaka,2012-2021,Female,South Africa,Other,69,86,25.23,4.02,37.6
S Loubser,2007-2014,Female,South Africa,Other,60,80,17.4,3.06,34
AE Smith,2003-2009,Female,South Africa,Other,37,50,21.18,3.73,33.9
MM Letsoalo,2007-2017,Female,South Africa,Other,68,44,34.13,3.44,59.4
M Klaas,2010-2021,Female,South Africa,Other,50,41,34,4.69,43.4
CL Tryon,2011-2021,Female,South Africa,Other,79,35,35.54,4,53.2
APC Kilowan,2003-2009,Female,South Africa,Other,32,33,23.57,3.46,40.8
M Daniels,2010-2017,Female,South Africa,Other,33,28,33.25,3.99,49.8
C van der Westhuizen,2003-2009,Female,South Africa,Other,33,26,31.3,3.21,58.4
C Brits,2002-2013,Female,South Africa,Other,69,22,26.4,4.26,37.1
SA Fritz,2003-2014,Female,South Africa,Other,59,22,23,4.09,33.7
SM Benade,2005-2013,Female,South Africa,Other,29,19,31.63,4.11,46.1
TS Sekhukhune,2018-2021,Female,South Africa,Other,20,19,35.15,4.4,47.8
Y van der Merwe,2000-2003,Female,South Africa,Other,18,14,41.14,4.45,55.4
N de Klerk,2017-2021,Female,South Africa,Other,14,13,29.23,4.11,42.6
Y Fourie,2014-2017,Female,South Africa,Other,15,12,28.66,4.24,40.5
R Ntozakhe,2017-2018,Female,South Africa,Other,17,12,38.75,3.69,63
HA Davies,2000-2000,Female,South Africa,Other,10,11,24.09,3.91,36.9
J Logtenberg,2003-2007,Female,South Africa,Other,26,11,18.72,4.16,27
SSD van Zyl,2000-2004,Female,South Africa,Other,14,11,33.45,4.02,49.9
L de Beer,2005-2007,Female,South Africa,Other,11,9,25.55,3.45,44.4
O Kirsten,2016-2017,Female,South Africa,Other,9,9,29.88,4.01,44.6
N Ndzundzu,2000-2005,Female,South Africa,Other,16,8,38,3.23,70.5
CE Eksteen,2000-2004,Female,South Africa,Other,18,7,62,4.13,90
LP Lewis,2000-2000,Female,South Africa,Other,5,7,15.28,4.14,22.1
K Price,2000-2000,Female,South Africa,Other,13,7,40.85,3.04,80.5
D Devnarain,2008-2016,Female,South Africa,Other,29,6,57,4.96,68.8
Y Potgieter,2013-2014,Female,South Africa,Other,16,6,32.5,4.17,46.6
N Shangase,2019-2021,Female,South Africa,Other,7,5,47,4.53,62.2
S Viljoen,2000-2002,Female,South Africa,Other,17,5,33.2,4.36,45.6
Z Mali,2018-2019,Female,South Africa,Other,7,4,20.25,3.68,33
N Mlaba,2021-2021,Female,South Africa,Other,6,4,51.25,4.01,76.5
L Lee,2013-2021,Female,South Africa,Other,93,3,31,4.68,39.6
DJ Reid,2000-2002,Female,South Africa,Other,14,3,38.66,5.04,46
H Strydom,2000-2004,Female,South Africa,Other,8,3,42.33,5.44,46.6
CS Terblanche,2003-2009,Female,South Africa,Other,21,3,39.66,3.96,60
J Barnard,2002-2004,Female,South Africa,Other,8,2,42.5,4.72,54
KA Laing,2000-2002,Female,South Africa,Other,6,2,18.5,2.31,48
A Nyiki,2011-2011,Female,South Africa,Other,1,2,16,3.55,27
AS Taai,2005-2010,Female,South Africa,Other,13,2,61,3.42,107
E Theunissen,2013-2013,Female,South Africa,Other,3,2,14,3.5,24
K Blair,2007-2007,Female,South Africa,Other,2,1,32,3.2,60
A Bosch,2016-2021,Female,South Africa,Other,8,1,113,4.91,138
M du Preez,2007-2021,Female,South Africa,Other,142,1,31,6.41,29
AL Hodgkinson,2000-2012,Female,South Africa,Other,38,1,59,3.1,114
A Kuylaars,2000-2000,Female,South Africa,Other,9,1,25,3.57,42
S Pillay,2004-2005,Female,South Africa,Other,12,1,16,2,48
M Terblanche,2000-2008,Female,South Africa,Other,43,0,-,2,-
K Thomson,2009-2011,Female,South Africa,Other,9,0,-,7.09,-
HASD Siriwardene,2003-2019,Female,Sri Lanka,Indian Subcontinent,118,124,28.84,3.93,43.9
I Ranaweera,2012-2019,Female,Sri Lanka,Indian Subcontinent,59,63,31.26,4.38,42.8
SP de Alwis,2005-2011,Female,Sri Lanka,Indian Subcontinent,49,58,21.65,3.58,36.2
SS Weerakkody,2006-2018,Female,Sri Lanka,Indian Subcontinent,89,58,35.62,4.06,52.5
CR Seneviratna,2000-2013,Female,Sri Lanka,Indian Subcontinent,66,54,29.53,3.58,49.4
LE Kaushalya,2005-2017,Female,Sri Lanka,Indian Subcontinent,89,49,30.42,4.27,42.7
PRCS Kumarihami,2004-2018,Female,Sri Lanka,Indian Subcontinent,75,34,33.11,3.84,51.7
WRP Fernando,2002-2009,Female,Sri Lanka,Indian Subcontinent,26,32,14.15,2.32,36.5
KDU Prabodhani,2009-2019,Female,Sri Lanka,Indian Subcontinent,56,30,48.33,4.26,67.9
SK Dolawatte,2002-2013,Female,Sri Lanka,Indian Subcontinent,53,25,23.36,4.02,34.8
KADA Kanchana,2014-2019,Female,Sri Lanka,Indian Subcontinent,30,24,31.95,5.44,35.2
AMCJK Athapaththu,2010-2019,Female,Sri Lanka,Indian Subcontinent,84,23,47.17,5.59,50.6
S Sivanantham,2000-2003,Female,Sri Lanka,Indian Subcontinent,16,23,14.34,2.82,30.4
BMSM Kumari,2015-2019,Female,Sri Lanka,Indian Subcontinent,24,19,37.63,4.77,47.2
OU Ranasinghe,2011-2019,Female,Sri Lanka,Indian Subcontinent,23,18,38.11,5.31,43
HAM Samuddika,2011-2015,Female,Sri Lanka,Indian Subcontinent,23,17,33.05,3.72,53.2
AD Janakanthymala,2000-2008,Female,Sri Lanka,Indian Subcontinent,27,15,40.66,3.52,69.2
SIP Fernando,2016-2019,Female,Sri Lanka,Indian Subcontinent,11,14,20.78,4.27,29.1
S Ravikumar,2010-2013,Female,Sri Lanka,Indian Subcontinent,11,14,18.21,4.01,27.2
KR Perera,2000-2002,Female,Sri Lanka,Indian Subcontinent,11,11,11.9,3.22,22.1
WHD Fernando,2000-2010,Female,Sri Lanka,Indian Subcontinent,46,10,23.7,3.64,39
HHC Gunaratne,2012-2017,Female,Sri Lanka,Indian Subcontinent,15,10,43.8,3.91,67.2
PM Udawatte,2005-2006,Female,Sri Lanka,Indian Subcontinent,13,10,27.2,3.2,51
KJ Indika,2000-2004,Female,Sri Lanka,Indian Subcontinent,17,9,27.55,3.03,54.4
ADH Abeysinghe,2000-2006,Female,Sri Lanka,Indian Subcontinent,31,8,28.5,4,42.7
AAD Indralatha,2000-2006,Female,Sri Lanka,Indian Subcontinent,16,7,43.85,3.63,72.4
SARC Silva,2000-2000,Female,Sri Lanka,Indian Subcontinent,7,7,26.42,3.04,52.1
WGAKK Kulasuriya,2015-2019,Female,Sri Lanka,Indian Subcontinent,11,6,55,5.23,63
WAC Wickramasinghe,2008-2010,Female,Sri Lanka,Indian Subcontinent,8,5,22.2,3.54,37.6
NND de Silva,2015-2019,Female,Sri Lanka,Indian Subcontinent,19,4,67.25,5.84,69
HMD Rasangika,2008-2014,Female,Sri Lanka,Indian Subcontinent,31,4,20.5,4.82,25.5
WK Dilhari,2018-2019,Female,Sri Lanka,Indian Subcontinent,4,3,41.66,4.12,60.6
GL Kariyawasam,2002-2004,Female,Sri Lanka,Indian Subcontinent,6,3,29.33,3.82,46
WA Chandrawathi,2005-2006,Female,Sri Lanka,Indian Subcontinent,5,2,31,4.59,40.5
DGDR Dharmasiri,2010-2012,Female,Sri Lanka,Indian Subcontinent,3,2,35.5,3.94,54
SI Galagedara,2002-2012,Female,Sri Lanka,Indian Subcontinent,40,2,15,4.61,19.5
TN Gunaratne,2004-2005,Female,Sri Lanka,Indian Subcontinent,7,1,106,4.41,144
H Karunaratne,2016-2019,Female,Sri Lanka,Indian Subcontinent,8,1,137,5.26,156
APS Lakshika,2006-2015,Female,Sri Lanka,Indian Subcontinent,10,1,29,2.9,60
WJGSSI Fernando,2005-2006,Female,Sri Lanka,Indian Subcontinent,3,0,-,5.85,-
MGMCP Gunawardene,2015-2015,Female,Sri Lanka,Indian Subcontinent,2,0,-,6,-
NJ Ida,2013-2013,Female,Sri Lanka,Indian Subcontinent,1,0,-,6.66,-
KM Indrani,2004-2004,Female,Sri Lanka,Indian Subcontinent,1,0,-,13,-
BRGN Kumari,2006-2006,Female,Sri Lanka,Indian Subcontinent,2,0,-,3.18,-
KADC Lakmalee,2000-2000,Female,Sri Lanka,Indian Subcontinent,4,0,-,4.4,-
H Madavi,2016-2019,Female,Sri Lanka,Indian Subcontinent,13,0,-,8.25,-
HML Madushani,2010-2016,Female,Sri Lanka,Indian Subcontinent,13,0,-,7.5,-
BAL Priyadarshani,2002-2002,Female,Sri Lanka,Indian Subcontinent,1,0,-,0.85,-
LDV Ratnayake,2002-2003,Female,Sri Lanka,Indian Subcontinent,12,0,-,3.33,-
Tharika Sewwandi,2019-2019,Female,Sri Lanka,Indian Subcontinent,1,0,-,7,-
M Shehani,2017-2017,Female,Sri Lanka,Indian Subcontinent,1,0,-,5.8,-
GCP Sugathadasa,2000-2000,Female,Sri Lanka,Indian Subcontinent,5,0,-,4.1,-
MADD Surangika,2006-2019,Female,Sri Lanka,Indian Subcontinent,97,0,-,6.5,-
A Mohammed,2003-2021,Female,West Indies,Other,134,171,20.22,3.47,34.8
SR Taylor,2008-2021,Female,West Indies,Other,134,148,21.39,3.45,37.1
SF Daley,2008-2017,Female,West Indies,Other,70,73,23.3,3.42,40.7
SC Selman,2008-2021,Female,West Indies,Other,87,71,26.3,3.48,45.2
DJS Dottin,2008-2021,Female,West Indies,Other,131,69,26.59,4.76,33.4
HK Matthews,2014-2021,Female,West Indies,Other,57,63,24.49,3.96,37
ASS Fletcher,2008-2019,Female,West Indies,Other,54,61,23.78,3.98,35.7
VM Felicien,2003-2005,Female,West Indies,Other,32,40,19.9,2.81,42.3
TD Smartt,2009-2018,Female,West Indies,Other,57,37,35.97,3.76,57.3
SL Quintyne,2011-2016,Female,West Indies,Other,40,35,24.48,3.86,38
DA Lewis,2003-2009,Female,West Indies,Other,42,29,29.55,3.44,51.4
SS Connell,2014-2021,Female,West Indies,Other,45,28,46.71,4.6,60.8
SACA King,2008-2019,Female,West Indies,Other,75,22,40.13,4.67,51.5
P Thomas,2003-2005,Female,West Indies,Other,26,22,31.36,3.54,53
SA Campbelle,2009-2021,Female,West Indies,Other,87,21,35.85,3.53,60.8
PY Lavine,2005-2010,Female,West Indies,Other,24,19,28.21,3.84,44
ER Williams,2003-2005,Female,West Indies,Other,19,18,26.44,2.8,56.5
KN Alexander,2005-2010,Female,West Indies,Other,20,17,19.52,3.42,34.2
D Francis,2003-2004,Female,West Indies,Other,17,13,29.3,3.19,55
F Cummings,2003-2005,Female,West Indies,Other,14,12,28.83,3.56,48.5
I Goordial-John,2003-2005,Female,West Indies,Other,10,12,16.58,2.83,35
SL Munroe,2010-2014,Female,West Indies,Other,23,11,51.54,3.88,79.6
CA Henry,2014-2021,Female,West Indies,Other,20,9,52.55,5.37,58.6
DGK Small,2008-2010,Female,West Indies,Other,12,8,26.87,3.31,48.6
SC de Silva,2003-2005,Female,West Indies,Other,18,7,27,4.66,34.7
PS Etienne,2010-2012,Female,West Indies,Other,8,7,17.28,3.02,34.2
Q Joseph,2017-2021,Female,West Indies,Other,8,7,31.85,4.31,44.2
CN Nation,2008-2021,Female,West Indies,Other,48,7,29.57,4.29,41.2
CO Taitt,2008-2010,Female,West Indies,Other,16,6,37,3.41,65
AA Alleyne,2019-2021,Female,West Indies,Other,7,5,39.2,4.55,51.6
S Gajnabi,2019-2021,Female,West Indies,Other,10,5,26,5.41,28.8
SS Grimmond,2019-2021,Female,West Indies,Other,7,5,29.6,4.46,39.8
CP Jack,2005-2010,Female,West Indies,Other,20,5,40.4,4.04,60
J Robinson,2004-2004,Female,West Indies,Other,10,5,59.4,3.71,96
C Atkins,2003-2004,Female,West Indies,Other,11,4,42.75,3.51,73
JB Nero,2003-2013,Female,West Indies,Other,76,4,16.75,5.15,19.5
K Ramharack,2019-2021,Female,West Indies,Other,8,4,53.75,4.62,69.7
P Alfred,2003-2003,Female,West Indies,Other,4,3,30.33,3.5,52
LAGL Kirby,2008-2008,Female,West Indies,Other,4,3,14,3.81,22
NA Williams,2003-2005,Female,West Indies,Other,30,3,29.33,5.86,30
C Hoyte,2003-2003,Female,West Indies,Other,3,2,24.5,2.45,60
CS Fraser,2021-2021,Female,West Indies,Other,2,1,49,5.44,54
EM Giddings,2016-2016,Female,West Indies,Other,2,1,22,2.2,60
Kyshona A Knight,2013-2021,Female,West Indies,Other,47,1,54,6.75,48
AK Peters,2017-2018,Female,West Indies,Other,6,1,71,5.07,84
G Seetahal,2008-2008,Female,West Indies,Other,3,1,49,3.26,90
VN Watts,2014-2014,Female,West Indies,Other,1,1,43,4.3,60
GE Greaves,2003-2009,Female,West Indies,Other,9,0,-,7.5,-
S Hector,2019-2019,Female,West Indies,Other,1,0,-,9.5,-
C Isaac,2021-2021,Female,West Indies,Other,1,0,-,5.5,-
Kycia A Knight,2011-2021,Female,West Indies,Other,73,0,-,9,-
SJ Power,2003-2005,Female,West Indies,Other,26,0,-,8,-
AM Samaroo,2009-2009,Female,West Indies,Other,3,0,-,6.5,-
B Lee,2000-2012,Male,Australia,Other,221,380,23.36,4.76,29.4
MG Johnson,2005-2015,Male,Australia,Other,153,239,25.26,4.83,31.3
GD McGrath,2000-2007,Male,Australia,Other,148,233,20.21,3.77,32
MA Starc,2010-2021,Male,Australia,Other,99,195,22.45,5.15,26.1
NW Bracken,2001-2009,Male,Australia,Other,116,174,24.36,4.41,33
SR Watson,2002-2015,Male,Australia,Other,190,168,31.79,4.95,38.4
GB Hogg,2002-2008,Male,Australia,Other,116,153,25.94,4.52,34.4
A Symonds,2000-2009,Male,Australia,Other,189,126,37.46,4.99,45
JN Gillespie,2000-2005,Male,Australia,Other,79,119,24.24,4.12,35.2
PJ Cummins,2011-2020,Male,Australia,Other,69,111,28.78,5.25,32.8
CJ McKay,2009-2014,Male,Australia,Other,59,97,24.37,4.78,30.5
A Zampa,2016-2021,Male,Australia,Other,64,97,32.11,5.52,34.8
JP Faulkner,2013-2017,Male,Australia,Other,69,96,30.85,5.53,33.4
JR Hazlewood,2010-2021,Male,Australia,Other,56,93,25.08,4.71,31.9
SK Warne,2000-2003,Male,Australia,Other,60,79,29.96,4.39,40.8
IJ Harvey,2000-2004,Male,Australia,Other,62,78,28.87,4.72,36.6
JR Hopes,2005-2010,Male,Australia,Other,84,67,35.58,4.53,47.1
NM Hauritz,2002-2011,Male,Australia,Other,58,63,34.15,4.74,43.2
DE Bollinger,2009-2011,Male,Australia,Other,39,62,23.9,4.57,31.3
SW Tait,2007-2011,Male,Australia,Other,35,62,23.56,5.19,27.2
AJ Bichel,2002-2004,Male,Australia,Other,50,57,30.91,4.46,41.5
MJ Clarke,2003-2015,Male,Australia,Other,245,57,37.64,4.98,45.3
XJ Doherty,2010-2015,Male,Australia,Other,60,55,40.43,4.77,50.7
SR Clark,2005-2009,Male,Australia,Other,39,53,27.86,4.84,34.5
NM Coulter-Nile,2013-2019,Male,Australia,Other,32,52,29.9,5.56,32.2
GJ Maxwell,2012-2020,Male,Australia,Other,116,51,52.6,5.66,55.6
MR Marsh,2011-2021,Male,Australia,Other,63,50,36.58,5.52,39.7
MS Kasprowicz,2003-2005,Male,Australia,Other,27,45,21.44,4.11,31.2
RJ Harris,2009-2012,Male,Australia,Other,21,44,18.9,4.84,23.4
JW Hastings,2010-2017,Male,Australia,Other,29,42,29.9,5.07,35.3
DS Lehmann,2001-2005,Male,Australia,Other,57,41,25.09,4.65,32.3
KW Richardson,2013-2020,Male,Australia,Other,25,39,31.79,5.67,33.6
BA Williams,2002-2004,Male,Australia,Other,25,35,23.25,4.05,34.3
MP Stoinis,2015-2020,Male,Australia,Other,45,33,45.63,6.12,44.7
DW Fleming,2000-2001,Male,Australia,Other,22,29,31.65,4.75,39.9
BW Hilfenhaus,2007-2012,Male,Australia,Other,25,29,37.06,5.3,41.9
NM Lyon,2012-2019,Male,Australia,Other,29,29,46,4.92,56
SPD Smith,2010-2020,Male,Australia,Other,128,28,34.67,5.41,38.4
S Lee,2000-2001,Male,Australia,Other,20,26,22.07,4.16,31.8
JA Richardson,2018-2020,Male,Australia,Other,13,24,28.75,5.84,29.5
DT Christian,2012-2021,Male,Australia,Other,20,20,29.75,4.91,36.3
DJ Hussey,2008-2013,Male,Australia,Other,69,18,38.77,5.22,44.5
PM Siddle,2009-2019,Male,Australia,Other,20,17,43.7,4.94,53
JP Behrendorff,2019-2019,Male,Australia,Other,11,16,32.31,5.24,36.9
SM Boland,2016-2016,Male,Australia,Other,14,16,45.31,6.07,44.7
JL Pattinson,2011-2015,Male,Australia,Other,15,16,42.56,5.62,45.4
AC Agar,2015-2021,Male,Australia,Other,15,14,49.57,5.37,55.2
TM Head,2016-2018,Male,Australia,Other,42,12,61.41,5.78,63.7
AJ Tye,2018-2018,Male,Australia,Other,7,12,32.66,6.07,32.2
CL White,2005-2018,Male,Australia,Other,91,12,29.25,6.36,27.5
MC Henriques,2009-2021,Male,Australia,Other,16,8,43.37,5.17,50.2
DR Martyn,2000-2006,Male,Australia,Other,169,8,61,5.69,64.2
JJ Krejza,2011-2011,Male,Australia,Other,8,7,47.28,4.67,60.7
ML Lewis,2005-2006,Male,Australia,Other,7,7,55.85,6.87,48.7
B Stanlake,2017-2019,Male,Australia,Other,7,7,46.28,5.49,50.5
CP Tremain,2016-2016,Male,Australia,Other,4,7,36.42,6.37,34.2
SCG MacGill,2000-2000,Male,Australia,Other,3,6,17.5,3.5,30
AC Voges,2007-2013,Male,Australia,Other,31,6,46,5.5,50.1
BCJ Cutting,2013-2014,Male,Australia,Other,4,5,31.6,4.38,43.2
MG Bevan,2000-2004,Male,Australia,Other,110,4,68.25,5.89,69.5
AJ Finch,2013-2020,Male,Australia,Other,132,4,64.75,5.47,71
B Laughlin,2009-2009,Male,Australia,Other,5,4,54.75,5.86,56
ME Waugh,2000-2002,Male,Australia,Other,46,4,66.5,5.01,79.5
SR Waugh,2000-2002,Male,Australia,Other,49,4,39,5.37,43.5
Fawad Ahmed,2013-2013,Male,Australia,Other,3,3,48.33,6.04,48
B Geeves,2008-2009,Male,Australia,Other,2,3,26,5.2,30
JM Mennie,2016-2016,Male,Australia,Other,2,3,43.66,6.55,40
GS Sandhu,2015-2015,Male,Australia,Other,2,3,35.66,5.35,40
SA Abbott,2014-2020,Male,Australia,Other,2,2,54.5,7.26,45
DJ Cullen,2006-2006,Male,Australia,Other,5,2,73.5,4.14,106.5
BR Dorey,2006-2006,Male,Australia,Other,4,2,73,5.4,81
SM Harwood,2009-2009,Male,Australia,Other,1,2,28.5,5.7,30
MEK Hussey,2004-2012,Male,Australia,Other,185,2,117.5,5.87,120
MG Neser,2018-2018,Male,Australia,Other,2,2,60,7.2,50
RT Ponting,2000-2012,Male,Australia,Other,283,2,20,4,30
AJ Turner,2019-2021,Male,Australia,Other,9,2,30,4.28,42
MJ Cosgrove,2006-2006,Male,Australia,Other,3,1,13,2.6,30
AC Dale,2000-2000,Male,Australia,Other,1,1,19,1.9,60
BJ Hodge,2005-2007,Male,Australia,Other,25,1,51,4.63,66
DP Nannes,2009-2009,Male,Australia,Other,1,1,20,2.85,42
AA Noffke,2008-2008,Male,Australia,Other,1,1,46,5.11,54
JS Paris,2016-2016,Male,Australia,Other,2,1,93,5.81,96
DJ Worrall,2016-2016,Male,Australia,Other,3,1,171,6.49,158
WA Agar,2021-2021,Male,Australia,Other,2,0,-,3.54,-
C Green,2020-2020,Male,Australia,Other,1,0,-,6.75,-
ML Hayden,2000-2008,Male,Australia,Other,147,0,-,18,-
M Labuschagne,2020-2020,Male,Australia,Other,13,0,-,9,-
RP Meredith,2021-2021,Male,Australia,Other,1,0,-,7.2,-
MJ North,2009-2009,Male,Australia,Other,2,0,-,5.33,-
DJM Short,2018-2020,Male,Australia,Other,8,0,-,7.6,-
DA Warner,2009-2020,Male,Australia,Other,128,0,-,8,-
Shakib Al Hasan,2006-2021,Male,Bangladesh,Indian Subcontinent,215,277,29.44,4.44,39.7
Mashrafe Mortaza,2001-2020,Male,Bangladesh,Indian Subcontinent,218,269,32.65,4.86,40.2
Abdur Razzak,2004-2014,Male,Bangladesh,Indian Subcontinent,153,207,29.29,4.56,38.4
Rubel Hossain,2009-2021,Male,Bangladesh,Indian Subcontinent,104,129,34.31,5.67,36.2
Mustafizur Rahman,2015-2021,Male,Bangladesh,Indian Subcontinent,68,127,22.83,5.19,26.3
Mohammad Rafique,2000-2007,Male,Bangladesh,Indian Subcontinent,105,102,38.05,4.29,53.1
Mahmudullah,2007-2021,Male,Bangladesh,Indian Subcontinent,200,78,46.38,5.16,53.9
Shafiul Islam,2010-2020,Male,Bangladesh,Indian Subcontinent,60,70,36.12,5.97,36.2
Syed Rasel,2005-2010,Male,Bangladesh,Indian Subcontinent,52,61,33.62,4.63,43.5
Tapash Baisya,2002-2007,Male,Bangladesh,Indian Subcontinent,56,59,41.55,5.64,44.2
Mehidy Hasan Miraz,2017-2021,Male,Bangladesh,Indian Subcontinent,52,55,34.94,4.43,47.2
Taskin Ahmed,2014-2021,Male,Bangladesh,Indian Subcontinent,42,55,33.05,5.7,34.7
Khaled Mahmud,2000-2006,Male,Bangladesh,Indian Subcontinent,59,48,46.16,5.25,52.7
Shahadat Hossain,2006-2013,Male,Bangladesh,Indian Subcontinent,51,47,45.59,5.84,46.7
Nazmul Hossain,2004-2012,Male,Bangladesh,Indian Subcontinent,38,44,31.5,5.04,37.4
Mohammad Saifuddin,2017-2021,Male,Bangladesh,Indian Subcontinent,29,41,31.19,5.98,31.2
Naeem Islam,2008-2014,Male,Bangladesh,Indian Subcontinent,59,35,40.2,4.84,49.8
Alok Kapali,2002-2011,Male,Bangladesh,Indian Subcontinent,69,24,52.29,5.18,60.5
Arafat Sunny,2014-2015,Male,Bangladesh,Indian Subcontinent,16,24,25,4.33,34.5
Nasir Hossain,2011-2018,Male,Bangladesh,Indian Subcontinent,65,24,41.16,4.71,52.3
Manjural Islam Rana,2003-2006,Male,Bangladesh,Indian Subcontinent,25,23,29.95,4.15,43.3
Al-Amin Hossain,2014-2020,Male,Bangladesh,Indian Subcontinent,15,22,27.63,5.5,30.1
Farhad Reza,2006-2011,Male,Bangladesh,Indian Subcontinent,34,22,46.22,5.35,51.7
Sohag Gazi,2012-2014,Male,Bangladesh,Indian Subcontinent,20,22,32.81,4.71,41.7
Mushfiqur Rahman,2000-2004,Male,Bangladesh,Indian Subcontinent,28,19,51.73,4.42,70.1
Manjural Islam,2000-2003,Male,Bangladesh,Indian Subcontinent,27,18,58.11,4.79,72.7
Mohammad Ashraful,2001-2013,Male,Bangladesh,Indian Subcontinent,175,18,36.72,5.69,38.7
Rajin Saleh,2003-2006,Male,Bangladesh,Indian Subcontinent,43,15,30.6,5.1,35.9
Enamul Haque jnr,2005-2009,Male,Bangladesh,Indian Subcontinent,10,14,30.14,4.39,41.1
Mosaddek Hossain,2016-2021,Male,Bangladesh,Indian Subcontinent,40,14,60.14,5.29,68.1
Sohrawordi Shuvo,2010-2011,Male,Bangladesh,Indian Subcontinent,17,14,40.85,4.5,54.4
Tareq Aziz,2002-2004,Male,Bangladesh,Indian Subcontinent,10,13,32.61,5.47,35.7
Aftab Ahmed,2004-2010,Male,Bangladesh,Indian Subcontinent,85,12,54.66,5.32,61.5
Taijul Islam,2014-2020,Male,Bangladesh,Indian Subcontinent,9,12,28.08,3.96,42.5
Soumya Sarkar,2014-2021,Male,Bangladesh,Indian Subcontinent,61,11,35.36,5.83,36.3
Mohammad Sharif,2001-2007,Male,Bangladesh,Indian Subcontinent,9,10,42.4,5.09,49.9
Sanwar Hossain,2001-2003,Male,Bangladesh,Indian Subcontinent,24,10,32.7,5.12,38.3
Ziaur Rahman,2013-2014,Male,Bangladesh,Indian Subcontinent,13,10,30.1,4.63,39
Dolar Mahmud,2008-2009,Male,Bangladesh,Indian Subcontinent,7,8,32.25,7.37,26.2
Enamul Haque,2000-2002,Male,Bangladesh,Indian Subcontinent,7,7,47,5.67,49.7
Mahbubul Alam,2009-2009,Male,Bangladesh,Indian Subcontinent,5,7,40,7.56,31.7
Mominul Haque,2012-2018,Male,Bangladesh,Indian Subcontinent,28,7,27.14,4.87,33.4
Shoriful Islam,2021-2021,Male,Bangladesh,Indian Subcontinent,4,7,22.85,5.33,25.7
Talha Jubair,2002-2003,Male,Bangladesh,Indian Subcontinent,6,6,42.5,7.5,34
Abu Jayed,2019-2019,Male,Bangladesh,Indian Subcontinent,2,5,22.8,6.33,21.6
Elias Sunny,2011-2012,Male,Bangladesh,Indian Subcontinent,4,5,32.2,4.73,40.8
Hasan Mahmud,2021-2021,Male,Bangladesh,Indian Subcontinent,3,5,26.2,6.77,23.2
Nazmul Islam,2018-2018,Male,Bangladesh,Indian Subcontinent,5,5,44.8,5.09,52.8
Sunzamul Islam,2017-2018,Male,Bangladesh,Indian Subcontinent,3,5,15.8,3.16,30
Jubair Hossain,2014-2015,Male,Bangladesh,Indian Subcontinent,3,4,28.5,6,28.5
Mehrab Hossain jnr,2006-2009,Male,Bangladesh,Indian Subcontinent,18,4,53.5,5.07,63.2
Mosharraf Hossain,2008-2016,Male,Bangladesh,Indian Subcontinent,5,4,36.75,4.45,49.5
Abu Hider,2018-2018,Male,Bangladesh,Indian Subcontinent,2,3,29.66,4.94,36
Ehsanul Haque,2002-2003,Male,Bangladesh,Indian Subcontinent,6,3,37.66,4.8,47
Naimur Rahman,2000-2002,Male,Bangladesh,Indian Subcontinent,12,3,144,5.16,167.3
Sabbir Rahman,2014-2019,Male,Bangladesh,Indian Subcontinent,66,3,115,6.76,102
Hasibul Hossain,2000-2004,Male,Bangladesh,Indian Subcontinent,7,2,138,6.73,123
Mahedi Hasan,2021-2021,Male,Bangladesh,Indian Subcontinent,3,2,52.5,4.56,69
Robiul Islam,2013-2013,Male,Bangladesh,Indian Subcontinent,3,2,58.5,5.27,66.5
Afif Hossain,2020-2021,Male,Bangladesh,Indian Subcontinent,7,1,23,7.66,18
Faisal Hossain,2004-2010,Male,Bangladesh,Indian Subcontinent,6,1,53,4.35,73
Subashis Roy,2016-2016,Male,Bangladesh,Indian Subcontinent,1,1,45,4.5,60
Tushar Imran,2001-2007,Male,Bangladesh,Indian Subcontinent,41,1,103,4.9,126
Abul Hasan,2012-2018,Male,Bangladesh,Indian Subcontinent,7,0,-,6.77,-
Aminul Islam,2000-2002,Male,Bangladesh,Indian Subcontinent,6,0,-,7.33,-
Anwar Hossain Monir,2002-2002,Male,Bangladesh,Indian Subcontinent,1,0,-,5.62,-
Ariful Haque,2018-2018,Male,Bangladesh,Indian Subcontinent,1,0,-,5.66,-
Fahim Muntasir,2001-2002,Male,Bangladesh,Indian Subcontinent,3,0,-,3.94,-
Fazle Mahmud,2018-2018,Male,Bangladesh,Indian Subcontinent,2,0,-,5.33,-
Habibul Bashar,2000-2007,Male,Bangladesh,Indian Subcontinent,101,0,-,6.45,-
Hannan Sarkar,2002-2004,Male,Bangladesh,Indian Subcontinent,20,0,-,26,-
Jamaluddin Ahmed,2003-2003,Male,Bangladesh,Indian Subcontinent,1,0,-,7,-
Junaid Siddique,2007-2011,Male,Bangladesh,Indian Subcontinent,54,0,-,6.5,-
Mazharul Haque,2002-2002,Male,Bangladesh,Indian Subcontinent,1,0,-,6,-
Mehrab Hossain,2001-2003,Male,Bangladesh,Indian Subcontinent,8,0,-,8.4,-
Mohammad Mithun,2014-2021,Male,Bangladesh,Indian Subcontinent,34,0,-,6,-
Najmul Hossain Shanto,2018-2021,Male,Bangladesh,Indian Subcontinent,8,0,-,4,-
Shafiuddin Ahmed,2000-2000,Male,Bangladesh,Indian Subcontinent,1,0,-,7.22,-
Shamsur Rahman,2013-2014,Male,Bangladesh,Indian Subcontinent,10,0,-,13,-
Shuvagata Hom,2011-2011,Male,Bangladesh,Indian Subcontinent,4,0,-,4.5,-
Tamim Iqbal,2007-2021,Male,Bangladesh,Indian Subcontinent,219,0,-,13,-
Tanbir Hayder,2016-2016,Male,Bangladesh,Indian Subcontinent,2,0,-,6.7,-
JM Anderson,2002-2015,Male,England,Other,194,269,29.22,4.92,35.6
SCJ Broad,2006-2016,Male,England,Other,121,178,30.13,5.26,34.3
A Flintoff,2000-2009,Male,England,Other,129,161,23.22,4.27,32.6
AU Rashid,2009-2021,Male,England,Other,112,159,33.02,5.65,35
CR Woakes,2011-2021,Male,England,Other,106,155,29.46,5.46,32.3
LE Plunkett,2005-2019,Male,England,Other,89,135,29.7,5.81,30.6
D Gough,2000-2006,Male,England,Other,93,126,28.36,4.48,37.9
PD Collingwood,2001-2011,Male,England,Other,197,111,38.68,4.96,46.7
TT Bresnan,2006-2015,Male,England,Other,85,109,34.98,5.42,38.7
GP Swann,2000-2013,Male,England,Other,79,104,27.76,4.54,36.6
ST Finn,2011-2017,Male,England,Other,69,102,29.37,5.06,34.8
MM Ali,2014-2021,Male,England,Other,112,87,50.85,5.25,58.1
SJ Harmison,2002-2009,Male,England,Other,58,76,32.64,5.13,38.1
BA Stokes,2011-2021,Male,England,Other,101,74,41.59,6.03,41.3
DJ Willey,2015-2021,Male,England,Other,52,69,31.6,5.67,33.4
MA Wood,2015-2021,Male,England,Other,57,69,38.28,5.46,42
JC Tredwell,2010-2015,Male,England,Other,45,60,27.76,4.75,35
AR Caddick,2000-2003,Male,England,Other,45,54,29.01,3.89,44.7
AF Giles,2000-2005,Male,England,Other,57,50,37.44,4.27,52.5
C White,2000-2003,Male,England,Other,36,50,25.6,4.37,35.1
CJ Jordan,2013-2020,Male,England,Other,34,45,35.8,5.97,35.9
RS Bopara,2007-2015,Male,England,Other,120,40,38.07,4.91,46.5
TK Curran,2017-2021,Male,England,Other,28,34,37.94,5.91,38.4
MJ Hoggard,2001-2006,Male,England,Other,26,32,36,5.29,40.8
JW Dernbach,2011-2013,Male,England,Other,24,31,42.19,6.35,39.8
JC Archer,2019-2020,Male,England,Other,17,30,24,4.74,30.3
SI Mahmood,2004-2009,Male,England,Other,26,30,38.96,5.85,39.9
RJ Sidebottom,2001-2010,Male,England,Other,25,29,35.82,4.88,44
JE Root,2013-2021,Male,England,Other,152,26,57.34,5.76,59.6
AD Mullally,2000-2001,Male,England,Other,21,25,27.36,3.69,44.4
ID Blackwell,2002-2006,Male,England,Other,34,24,36.54,4.27,51.2
MS Panesar,2007-2007,Male,England,Other,26,24,40.83,4.49,54.5
SR Patel,2008-2013,Male,England,Other,36,24,45.45,5.51,49.4
JT Ball,2016-2018,Male,England,Other,18,21,46.66,6.2,45
MA Ealham,2000-2001,Male,England,Other,25,21,38.09,3.89,58.7
MH Yardy,2006-2011,Male,England,Other,28,21,51.19,4.84,63.4
Kabir Ali,2003-2006,Male,England,Other,14,20,34.1,6.08,33.6
RC Irani,2002-2003,Male,England,Other,21,20,37.15,4.67,47.7
RJW Topley,2015-2021,Male,England,Other,13,20,27.85,5.38,31
J Lewis,2005-2007,Male,England,Other,13,18,27.77,4.18,39.7
AG Wharf,2004-2005,Male,England,Other,13,18,23.77,4.39,32.4
A Shahzad,2010-2011,Male,England,Other,11,17,28.82,5,34.5
MP Vaughan,2001-2007,Male,England,Other,86,16,40.56,4.89,49.7
CT Tremlett,2005-2011,Male,England,Other,15,15,47,5.39,52.2
LJ Wright,2007-2014,Male,England,Other,50,15,58.93,5.1,69.2
JWM Dalrymple,2006-2007,Male,England,Other,27,14,47.57,4.75,60
S Mahmood,2020-2021,Male,England,Other,7,14,19.92,4.58,26
AD Mascarenhas,2007-2009,Male,England,Other,20,13,48.76,4.62,63.2
JN Snape,2001-2002,Male,England,Other,10,13,31,4.57,40.6
SM Curran,2018-2021,Male,England,Other,11,12,35.83,5.83,36.8
R Clarke,2003-2006,Male,England,Other,20,11,37.72,5.3,42.6
HF Gurney,2014-2014,Male,England,Other,10,11,39.27,5.69,41.3
RL Johnson,2003-2003,Male,England,Other,10,11,21.72,3.56,36.5
WB Rankin,2013-2014,Male,England,Other,7,10,24.1,4.53,31.9
GA Hick,2000-2001,Male,England,Other,24,9,24.66,5.06,29.2
RJ Kirtley,2001-2004,Male,England,Other,11,9,53.44,5.25,61
MW Alleyne,2000-2000,Male,England,Other,6,7,31.71,4.82,39.4
SP Jones,2004-2005,Male,England,Other,8,7,39.28,4.74,49.7
KP Pietersen,2004-2013,Male,England,Other,134,7,52.85,5.55,57.1
OA Shah,2001-2009,Male,England,Other,71,7,26.28,5.72,27.5
IR Bell,2004-2015,Male,England,Other,161,6,14.66,6,14.6
BA Carse,2021-2021,Male,England,Other,3,6,22.66,5.44,25
DG Cork,2001-2002,Male,England,Other,7,6,49.5,5.36,55.3
BC Hollioake,2001-2002,Male,England,Other,13,6,68.33,5,82
GJ Batty,2002-2009,Male,England,Other,10,5,73.2,4.99,88
MW Parkinson,2020-2021,Male,England,Other,5,5,40.6,5.85,41.6
RDB Croft,2000-2001,Male,England,Other,6,4,44,4.75,55.5
L Gregory,2021-2021,Male,England,Other,3,4,24.25,5.1,28.5
A McGrath,2003-2004,Male,England,Other,14,4,43.75,4.6,57
G Onions,2009-2009,Male,England,Other,4,4,46.25,5.44,51
C Overton,2018-2021,Male,England,Other,4,4,45.25,5.59,48.5
SD Parry,2014-2014,Male,England,Other,2,4,23,4.84,28.5
MR Ramprakash,2001-2001,Male,England,Other,5,4,23.5,4.7,30
ME Trescothick,2000-2006,Male,England,Other,123,4,54.75,5.66,58
AJ Tudor,2002-2002,Male,England,Other,3,4,34,6.42,31.7
LA Dawson,2016-2018,Male,England,Other,3,3,32,6.85,28
AP Grayson,2000-2001,Male,England,Other,2,3,20,4,30
CEW Silverwood,2001-2001,Male,England,Other,1,3,14.33,4.77,18
DR Briggs,2012-2012,Male,England,Other,1,2,19.5,3.9,30
SC Meaker,2011-2011,Male,England,Other,2,2,55,5.78,57
IJL Trott,2009-2013,Male,England,Other,68,2,83,5.44,91.5
JL Denly,2009-2020,Male,England,Other,16,1,101,5.94,102
LS Livingstone,2021-2021,Male,England,Other,3,1,20,6.66,18
TS Roland-Jones,2017-2017,Male,England,Other,1,1,34,4.85,42
VS Solanki,2000-2006,Male,England,Other,51,1,105,5.67,111
OP Stone,2018-2018,Male,England,Other,4,1,97,6.06,96
SD Udal,2005-2005,Male,England,Other,1,1,29,4.14,42
JM Vince,2015-2021,Male,England,Other,19,1,38,5.42,42
SG Borthwick,2011-2011,Male,England,Other,2,0,-,8,-
MA Carberry,2013-2014,Male,England,Other,6,0,-,12,-
G Chapple,2006-2006,Male,England,Other,1,0,-,3.5,-
PJ Franks,2000-2000,Male,England,Other,1,0,-,5.33,-
AGR Loudon,2006-2006,Male,England,Other,1,0,-,6,-
AJ Strauss,2003-2011,Male,England,Other,127,0,-,3,-
Z Khan,2000-2012,Male,India,Indian Subcontinent,194,269,30.11,4.95,36.4
Harbhajan Singh,2001-2015,Male,India,Indian Subcontinent,221,247,33.93,4.3,47.2
AB Agarkar,2000-2007,Male,India,Indian Subcontinent,150,215,28.33,5,33.9
RA Jadeja,2009-2020,Male,India,Indian Subcontinent,168,188,37.36,4.92,45.5
IK Pathan,2004-2012,Male,India,Indian Subcontinent,120,173,29.72,5.26,33.8
A Nehra,2001-2011,Male,India,Indian Subcontinent,117,155,31.6,5.21,36.3
R Ashwin,2010-2017,Male,India,Indian Subcontinent,111,150,32.91,4.91,40.1
Mohammed Shami,2013-2020,Male,India,Indian Subcontinent,79,148,25.62,5.62,27.3
B Kumar,2012-2021,Male,India,Indian Subcontinent,119,141,34.18,5.03,40.7
I Sharma,2007-2016,Male,India,Indian Subcontinent,80,115,30.98,5.72,32.4
Yuvraj Singh,2000-2017,Male,India,Indian Subcontinent,301,110,38.42,5.08,45.3
JJ Bumrah,2016-2020,Male,India,Indian Subcontinent,67,108,25.33,4.65,32.6
Kuldeep Yadav,2017-2021,Male,India,Indian Subcontinent,65,107,28.34,5.22,32.5
UT Yadav,2010-2018,Male,India,Indian Subcontinent,75,106,33.63,6.01,33.5
YS Chahal,2016-2021,Male,India,Indian Subcontinent,56,97,26.93,5.2,31
V Sehwag,2000-2013,Male,India,Indian Subcontinent,240,94,39.38,5.19,45.4
A Kumble,2000-2007,Male,India,Indian Subcontinent,85,90,38.21,4.58,49.9
MM Patel,2006-2011,Male,India,Indian Subcontinent,70,86,30.26,4.95,36.6
J Srinath,2000-2003,Male,India,Indian Subcontinent,53,78,27.67,4.73,35
P Kumar,2007-2012,Male,India,Indian Subcontinent,68,77,36.02,5.13,42.1
SR Tendulkar,2000-2012,Male,India,Indian Subcontinent,234,76,41.09,5.32,46.2
S Sreesanth,2005-2011,Male,India,Indian Subcontinent,53,75,33.44,6.07,33
RP Singh,2005-2011,Male,India,Indian Subcontinent,58,69,33.95,5.48,37.1
A Mishra,2003-2016,Male,India,Indian Subcontinent,36,64,23.6,4.72,29.9
HH Pandya,2016-2021,Male,India,Indian Subcontinent,63,57,41.47,5.6,44.3
SC Ganguly,2000-2007,Male,India,Indian Subcontinent,182,56,39.66,5.13,46.3
AR Patel,2014-2017,Male,India,Indian Subcontinent,38,45,31.31,4.43,42.4
R Vinay Kumar,2010-2013,Male,India,Indian Subcontinent,31,38,37.44,5.94,37.7
M Kartik,2002-2007,Male,India,Indian Subcontinent,37,37,43.56,5.07,51.5
SK Raina,2005-2018,Male,India,Indian Subcontinent,226,36,50.3,5.11,59
L Balaji,2002-2009,Male,India,Indian Subcontinent,30,34,39.52,5.57,42.5
RR Powar,2004-2007,Male,India,Indian Subcontinent,31,34,35.02,4.65,45.1
YK Pathan,2008-2012,Male,India,Indian Subcontinent,57,33,41.36,5.49,45.1
BKV Prasad,2000-2001,Male,India,Indian Subcontinent,27,33,35.36,4.95,42.8
PP Chawla,2007-2011,Male,India,Indian Subcontinent,25,32,34.9,5.1,41
MM Sharma,2013-2015,Male,India,Indian Subcontinent,26,31,32.9,5.45,36.1
KM Jadhav,2014-2020,Male,India,Indian Subcontinent,73,27,37.77,5.15,43.9
SN Thakur,2017-2021,Male,India,Indian Subcontinent,15,22,37.18,6.78,32.8
PP Ojha,2008-2012,Male,India,Indian Subcontinent,18,21,31.04,4.46,41.7
STR Binny,2014-2015,Male,India,Indian Subcontinent,14,20,21.95,5.37,24.5
SB Joshi,2000-2001,Male,India,Indian Subcontinent,18,19,38.73,4.78,48.5
DS Kulkarni,2014-2016,Male,India,Indian Subcontinent,12,19,26.73,5.09,31.4
KK Ahmed,2018-2019,Male,India,Indian Subcontinent,11,15,31,5.81,32
D Mongia,2001-2007,Male,India,Indian Subcontinent,57,14,40.78,5.35,45.7
AB Dinda,2010-2013,Male,India,Indian Subcontinent,13,12,51,6.18,49.5
VR Aaron,2011-2014,Male,India,Indian Subcontinent,9,11,38.09,6.61,34.5
S Sriram,2000-2004,Male,India,Indian Subcontinent,8,9,30.44,5.07,36
DS Mohanty,2000-2001,Male,India,Indian Subcontinent,7,8,35.5,5.07,42
RG Sharma,2007-2021,Male,India,Indian Subcontinent,227,8,64.37,5.21,74.1
JD Unadkat,2013-2013,Male,India,Indian Subcontinent,7,8,26.12,4.01,39
SB Bangar,2002-2004,Male,India,Indian Subcontinent,15,7,54.85,5.21,63.1
BB Sran,2016-2016,Male,India,Indian Subcontinent,6,7,38.42,5.34,43.1
DL Chahar,2018-2021,Male,India,Indian Subcontinent,5,6,36.5,6.08,36
M Prasidh Krishna,2021-2021,Male,India,Indian Subcontinent,3,6,29,6.91,25.1
NA Saini,2019-2021,Male,India,Indian Subcontinent,8,6,80.16,6.87,70
R Sharma,2011-2012,Male,India,Indian Subcontinent,4,6,29.5,5.15,34.3
RR Singh,2000-2001,Male,India,Indian Subcontinent,30,6,82,4.83,101.6
Jai P Yadav,2002-2005,Male,India,Indian Subcontinent,12,6,54.33,4.93,66
A Bhandari,2000-2004,Male,India,Indian Subcontinent,2,5,21.2,6,21.2
T Kumaran,2000-2000,Male,India,Indian Subcontinent,6,5,59,6.41,55.2
RS Sodhi,2000-2002,Male,India,Indian Subcontinent,18,5,73,4.74,92.4
MK Tiwary,2008-2015,Male,India,Indian Subcontinent,12,5,30,6.81,26.4
T Yohannan,2002-2002,Male,India,Indian Subcontinent,3,5,24.4,6.1,24
Harvinder Singh,2001-2001,Male,India,Indian Subcontinent,3,4,33,4.55,43.5
V Kohli,2008-2021,Male,India,Indian Subcontinent,254,4,166.25,6.22,160.2
AM Salvi,2003-2003,Male,India,Indian Subcontinent,4,4,30,4.18,43
V Shankar,2019-2019,Male,India,Indian Subcontinent,12,4,52.5,5.4,58.2
HK Badani,2000-2004,Male,India,Indian Subcontinent,40,3,49.66,4.88,61
RD Chahar,2021-2021,Male,India,Indian Subcontinent,1,3,18,5.4,20
N Chopra,2000-2000,Male,India,Indian Subcontinent,4,3,47.33,5.07,56
R Dravid,2000-2011,Male,India,Indian Subcontinent,232,3,22.66,5.66,24
A Mithun,2010-2011,Male,India,Indian Subcontinent,5,3,67.66,6.76,60
T Natarajan,2020-2021,Male,India,Indian Subcontinent,2,3,47.66,7.15,40
AT Rayudu,2013-2019,Male,India,Indian Subcontinent,55,3,41.33,6.14,40.3
Sarandeep Singh,2002-2003,Male,India,Indian Subcontinent,5,3,60,4.18,86
S Tyagi,2009-2010,Male,India,Indian Subcontinent,4,3,48,5.23,55
MS Gony,2008-2008,Male,India,Indian Subcontinent,2,2,38,5.84,39
KH Pandya,2021-2021,Male,India,Indian Subcontinent,5,2,111.5,5.86,114
Parvez Rasool,2014-2014,Male,India,Indian Subcontinent,1,2,30,6,30
C Sakariya,2021-2021,Male,India,Indian Subcontinent,1,2,17,4.25,24
R Dhawan,2016-2016,Male,India,Indian Subcontinent,3,1,160,6.4,150
MS Dhoni,2004-2019,Male,India,Indian Subcontinent,347,1,31,5.16,36
RS Gavaskar,2004-2004,Male,India,Indian Subcontinent,11,1,74,6.16,72
K Gowtham,2021-2021,Male,India,Indian Subcontinent,1,1,49,6.12,48
Joginder Sharma,2004-2007,Male,India,Indian Subcontinent,4,1,115,4.6,150
M Vijay,2010-2015,Male,India,Indian Subcontinent,17,1,37,6.16,36
R Vijay Bharadwaj,2002-2002,Male,India,Indian Subcontinent,1,1,32,8,24
Washington Sundar,2017-2017,Male,India,Indian Subcontinent,1,1,65,6.5,60
J Yadav,2016-2016,Male,India,Indian Subcontinent,1,1,8,2,24
MA Agarwal,2020-2020,Male,India,Indian Subcontinent,5,0,-,10,-
SV Bahutule,2003-2003,Male,India,Indian Subcontinent,1,0,-,8,-
S Dube,2019-2019,Male,India,Indian Subcontinent,1,0,-,8.68,-
G Gambhir,2003-2013,Male,India,Indian Subcontinent,147,0,-,13,-
Gurkeerat Singh,2016-2016,Male,India,Indian Subcontinent,3,0,-,6.8,-
SS Iyer,2017-2021,Male,India,Indian Subcontinent,22,0,-,7.5,-
A Jadeja,2000-2000,Male,India,Indian Subcontinent,11,0,-,12,-
HH Kanitkar,2000-2000,Male,India,Indian Subcontinent,4,0,-,5.8,-
AR Kapoor,2000-2000,Male,India,Indian Subcontinent,2,0,-,4.64,-
S Kaul,2018-2018,Male,India,Indian Subcontinent,3,0,-,6.62,-
VVS Laxman,2000-2006,Male,India,Indian Subcontinent,79,0,-,8,-
Mohammed Siraj,2019-2019,Male,India,Indian Subcontinent,1,0,-,7.6,-
AM Nayar,2009-2009,Male,India,Indian Subcontinent,3,0,-,5.66,-
Pankaj Singh,2010-2010,Male,India,Indian Subcontinent,1,0,-,6.42,-
N Rana,2021-2021,Male,India,Indian Subcontinent,1,0,-,3.33,-
KV Sharma,2014-2014,Male,India,Indian Subcontinent,2,0,-,6.57,-
VRV Singh,2006-2006,Male,India,Indian Subcontinent,2,0,-,8.75,-
RV Uthappa,2006-2015,Male,India,Indian Subcontinent,46,0,-,0,-
DL Vettori,2000-2015,Male,New Zealand,Other,248,264,30.87,4.02,45.9
KD Mills,2001-2015,Male,New Zealand,Other,170,240,27.02,4.72,34.2
TG Southee,2008-2020,Male,New Zealand,Other,143,190,34.51,5.46,37.8
JDP Oram,2001-2012,Male,New Zealand,Other,160,173,29.17,4.38,39.9
TA Boult,2012-2021,Male,New Zealand,Other,93,169,25.21,4.99,30.2
SE Bond,2002-2010,Male,New Zealand,Other,82,147,20.88,4.28,29.2
SB Styris,2000-2011,Male,New Zealand,Other,183,132,34.99,4.74,44.2
DR Tuffey,2000-2010,Male,New Zealand,Other,94,110,32.12,4.89,39.3
MJ Henry,2014-2021,Male,New Zealand,Other,55,98,25.89,5.29,29.3
CL Cairns,2000-2006,Male,New Zealand,Other,99,92,32.03,5.1,37.6
MJ McClenaghan,2013-2016,Male,New Zealand,Other,48,82,28.2,5.94,28.4
JEC Franklin,2001-2013,Male,New Zealand,Other,110,81,41.4,5.22,47.5
MJ Santner,2015-2021,Male,New Zealand,Other,75,75,36.56,4.86,45.1
CZ Harris,2000-2004,Male,New Zealand,Other,109,71,42.63,4.24,60.2
LH Ferguson,2016-2020,Male,New Zealand,Other,37,69,25.78,5.45,28.3
JDS Neesham,2013-2021,Male,New Zealand,Other,66,68,31.45,6.06,31.1
NL McCullum,2009-2015,Male,New Zealand,Other,84,63,46.92,5.01,56.1
CJ Anderson,2013-2017,Male,New Zealand,Other,49,60,25.03,6.06,24.7
AR Adams,2001-2007,Male,New Zealand,Other,42,53,31,5.22,35.5
JS Patel,2005-2017,Male,New Zealand,Other,43,49,34.51,5.03,41.1
IS Sodhi,2015-2020,Male,New Zealand,Other,33,43,35.06,5.58,37.6
AF Milne,2012-2017,Male,New Zealand,Other,40,41,38.56,5.26,43.9
GD Elliott,2008-2016,Male,New Zealand,Other,83,39,30.23,5.43,33.3
MR Gillespie,2006-2009,Male,New Zealand,Other,32,37,37,5.4,41.1
KS Williamson,2010-2020,Male,New Zealand,Other,151,37,35.4,5.35,39.6
NJ Astle,2000-2007,Male,New Zealand,Other,127,35,46.65,4.99,56
HK Bennett,2010-2020,Male,New Zealand,Other,19,33,24.84,5.51,27
CD McMillan,2000-2007,Male,New Zealand,Other,149,33,36.78,5.69,38.7
MJ Mason,2003-2010,Male,New Zealand,Other,26,31,33.03,5.21,38
IG Butler,2002-2010,Male,New Zealand,Other,26,28,37.07,5.61,39.6
C de Grandhomme,2012-2020,Male,New Zealand,Other,42,27,43.7,4.85,54
AJ McKay,2010-2012,Male,New Zealand,Other,19,27,29.62,5.18,34.2
DAJ Bracewell,2011-2019,Male,New Zealand,Other,19,23,34.69,5.13,40.5
CS Martin,2001-2008,Male,New Zealand,Other,20,18,44.66,5.08,52.6
SB O'Connor,2000-2000,Male,New Zealand,Other,13,16,31.18,5.69,32.8
DJ Nash,2000-2002,Male,New Zealand,Other,13,14,25.85,4.58,33.8
IE O'Brien,2008-2009,Male,New Zealand,Other,10,14,34.85,6.46,32.3
AM Ellis,2012-2013,Male,New Zealand,Other,15,12,35.41,5.31,40
PA Hitchcock,2002-2008,Male,New Zealand,Other,14,12,39,5.03,46.5
JD Ryder,2008-2014,Male,New Zealand,Other,48,12,34.33,6.07,33.9
TD Astle,2017-2019,Male,New Zealand,Other,9,10,24.6,5.46,27
RJ Nicol,2011-2013,Male,New Zealand,Other,22,10,32.9,5.82,33.9
PJ Wiseman,2000-2003,Male,New Zealand,Other,9,10,27.3,4.87,33.6
GI Allott,2000-2000,Male,New Zealand,Other,9,9,44.11,5.67,46.6
BGK Walker,2000-2002,Male,New Zealand,Other,11,8,52.12,5.71,54.7
BM Wheeler,2015-2015,Male,New Zealand,Other,6,8,39.37,6.11,38.6
C Munro,2013-2019,Male,New Zealand,Other,57,7,68.71,5.22,78.8
TK Canning,2003-2005,Male,New Zealand,Other,4,5,40.6,5.97,40.8
KA Jamieson,2020-2021,Male,New Zealand,Other,5,5,37.2,4.04,55.2
SC Kuggeleijn,2017-2017,Male,New Zealand,Other,2,5,11.6,4.14,16.8
TS Nethula,2012-2012,Male,New Zealand,Other,5,5,49.8,5.65,52.8
AP Devcich,2013-2016,Male,New Zealand,Other,12,4,72.75,5.38,81
MJ Guptill,2009-2021,Male,New Zealand,Other,186,4,24.5,5.39,27.2
MDJ Walker,2003-2003,Male,New Zealand,Other,3,4,29.75,5.4,33
GP Sulzberger,2000-2000,Male,New Zealand,Other,3,3,34,4.63,44
LJ Woodcock,2011-2011,Male,New Zealand,Other,4,3,51.66,5.67,54.6
MD Bates,2012-2012,Male,New Zealand,Other,2,2,26,3.71,42
GE Bradburn,2001-2001,Male,New Zealand,Other,4,2,61.5,4.88,75.5
SB Doull,2000-2000,Male,New Zealand,Other,2,2,31,5.16,36
KP Walmsley,2003-2003,Male,New Zealand,Other,2,2,58.5,5.85,60
GW Aldridge,2011-2011,Male,New Zealand,Other,2,1,98,5.15,114
LJ Hamilton,2005-2005,Male,New Zealand,Other,2,1,143,7.94,108
AW Mathieson,2015-2015,Male,New Zealand,Other,1,1,40,10,24
SHA Rance,2017-2017,Male,New Zealand,Other,2,1,110,6.28,105
L Vincent,2001-2007,Male,New Zealand,Other,102,1,25,7.5,20
JW Wilson,2005-2005,Male,New Zealand,Other,2,1,125,8.33,90
CD Cumming,2003-2009,Male,New Zealand,Other,13,0,-,5.66,-
BJ Diamanti,2009-2009,Male,New Zealand,Other,1,0,-,12.5,-
DR Flynn,2008-2012,Male,New Zealand,Other,20,0,-,6.25,-
MN Hart,2002-2002,Male,New Zealand,Other,1,0,-,6.5,-
DJ Mitchell,2021-2021,Male,New Zealand,Other,3,0,-,6.6,-
AJ Penn,2000-2001,Male,New Zealand,Other,2,0,-,7.8,-
LRPL Taylor,2006-2021,Male,New Zealand,Other,233,0,-,5,-
EP Thompson,2009-2009,Male,New Zealand,Other,1,0,-,10.5,-
WA Wisneski,2000-2000,Male,New Zealand,Other,3,0,-,6.47,-
GH Worker,2015-2018,Male,New Zealand,Other,10,0,-,5,-
Shahid Afridi,2000-2015,Male,Pakistan,Indian Subcontinent,300,337,31.87,4.59,41.5
Abdul Razzaq,2000-2011,Male,Pakistan,Indian Subcontinent,230,229,32.65,4.71,41.5
Shoaib Akhtar,2000-2011,Male,Pakistan,Indian Subcontinent,132,198,25.43,4.82,31.6
Saeed Ajmal,2008-2015,Male,Pakistan,Indian Subcontinent,113,184,22.72,4.18,32.6
Umar Gul,2003-2016,Male,Pakistan,Indian Subcontinent,130,179,29.34,5.19,33.8
Shoaib Malik,2000-2019,Male,Pakistan,Indian Subcontinent,282,149,40.46,4.68,51.8
Mohammad Hafeez,2003-2019,Male,Pakistan,Indian Subcontinent,218,139,38.84,4.18,55.6
Waqar Younis,2000-2003,Male,Pakistan,Indian Subcontinent,87,129,25.28,4.9,30.9
Mohammad Sami,2001-2015,Male,Pakistan,Indian Subcontinent,87,121,29.47,4.99,35.4
Wahab Riaz,2008-2020,Male,Pakistan,Indian Subcontinent,91,120,34.3,5.7,36
Junaid Khan,2011-2019,Male,Pakistan,Indian Subcontinent,76,110,29.23,5.35,32.7
Naved-ul-Hasan,2003-2010,Male,Pakistan,Indian Subcontinent,74,110,29.28,5.57,31.5
Wasim Akram,2000-2003,Male,Pakistan,Indian Subcontinent,75,106,24.33,4.13,35.2
Hasan Ali,2016-2021,Male,Pakistan,Indian Subcontinent,57,89,29.32,5.71,30.8
Mohammad Irfan,2010-2016,Male,Pakistan,Indian Subcontinent,60,83,30.71,4.91,37.4
Mohammad Amir,2009-2019,Male,Pakistan,Indian Subcontinent,61,81,29.62,4.77,37.1
Saqlain Mushtaq,2000-2003,Male,Pakistan,Indian Subcontinent,58,78,28.17,4.43,38.1
Iftikhar Anjum,2004-2010,Male,Pakistan,Indian Subcontinent,62,77,31.55,4.92,38.4
Sohail Tanvir,2007-2014,Male,Pakistan,Indian Subcontinent,62,71,36.14,5.22,41.5
Shadab Khan,2017-2021,Male,Pakistan,Indian Subcontinent,48,62,32.06,5.12,37.5
Shaheen Shah Afridi,2018-2021,Male,Pakistan,Indian Subcontinent,28,53,24.62,5.51,26.7
Imad Wasim,2015-2020,Male,Pakistan,Indian Subcontinent,55,44,44.47,4.88,54.6
Azhar Mahmood,2000-2007,Male,Pakistan,Indian Subcontinent,67,43,52.67,4.94,63.8
Mohammad Asif,2005-2010,Male,Pakistan,Indian Subcontinent,35,41,32.26,4.5,42.9
Arshad Khan,2000-2006,Male,Pakistan,Indian Subcontinent,34,37,30.94,4.14,44.8
Usman Shinwari,2017-2019,Male,Pakistan,Indian Subcontinent,17,34,18.61,4.94,22.5
Abdur Rehman,2006-2014,Male,Pakistan,Indian Subcontinent,31,30,38.06,4.21,54.1
Shabbir Ahmed,2000-2005,Male,Pakistan,Indian Subcontinent,29,28,39.35,4.34,54.3
Yasir Shah,2011-2019,Male,Pakistan,Indian Subcontinent,25,24,47.91,5.33,53.8
Aizaz Cheema,2011-2012,Male,Pakistan,Indian Subcontinent,14,23,25.78,5.4,28.6
Faheem Ashraf,2017-2021,Male,Pakistan,Indian Subcontinent,31,23,46.08,5.11,54
Mohammad Nawaz (3),2016-2021,Male,Pakistan,Indian Subcontinent,16,20,32.05,5.19,37
Sohail Khan,2008-2016,Male,Pakistan,Indian Subcontinent,13,19,31.42,5.37,35
Anwar Ali,2013-2016,Male,Pakistan,Indian Subcontinent,22,18,52.44,6.11,51.5
Rahat Ali,2012-2016,Male,Pakistan,Indian Subcontinent,14,18,36.55,5.81,37.7
Danish Kaneria,2001-2007,Male,Pakistan,Indian Subcontinent,18,15,45.53,4.79,56.9
Haris Rauf,2020-2021,Male,Pakistan,Indian Subcontinent,8,14,29,5.97,29.1
Mushtaq Ahmed,2000-2003,Male,Pakistan,Indian Subcontinent,13,14,34.85,3.81,54.8
Rumman Raees,2017-2018,Male,Pakistan,Indian Subcontinent,9,14,33.14,6.01,33
Mohammad Hasnain,2019-2021,Male,Pakistan,Indian Subcontinent,8,12,37.91,6.4,35.5
Haris Sohail,2013-2020,Male,Pakistan,Indian Subcontinent,42,11,55.72,5.72,58.3
Abdur Rauf,2008-2008,Male,Pakistan,Indian Subcontinent,4,8,26.5,5.94,26.7
Bilawal Bhatti,2013-2015,Male,Pakistan,Indian Subcontinent,10,6,73.16,6.44,68.1
Iftikhar Ahmed,2015-2020,Male,Pakistan,Indian Subcontinent,7,6,33.5,4.67,43
Imran Farhat,2001-2013,Male,Pakistan,Indian Subcontinent,58,6,18.33,5.68,19.3
Mohammad Akram,2000-2000,Male,Pakistan,Indian Subcontinent,8,6,52,4.81,64.8
Bilal Asif,2015-2015,Male,Pakistan,Indian Subcontinent,3,5,19.2,4.36,26.4
Fawad Alam,2007-2015,Male,Pakistan,Indian Subcontinent,38,5,75.4,5.68,79.6
Kabir Khan,2000-2000,Male,Pakistan,Indian Subcontinent,3,5,21.2,4.81,26.4
Mohammad Khalil,2005-2005,Male,Pakistan,Indian Subcontinent,3,5,28.8,6,28.8
Azhar Ali,2011-2018,Male,Pakistan,Indian Subcontinent,53,4,65,6.04,64.5
Ehsan Adil,2013-2015,Male,Pakistan,Indian Subcontinent,6,4,55.75,5.94,56.2
Mohammad Talha,2014-2014,Male,Pakistan,Indian Subcontinent,3,4,36.5,7.18,30.5
Yasir Arafat,2000-2009,Male,Pakistan,Indian Subcontinent,11,4,93.25,5.4,103.5
Zulfiqar Babar,2014-2015,Male,Pakistan,Indian Subcontinent,5,4,61.5,5.02,73.5
Junaid Zia,2003-2003,Male,Pakistan,Indian Subcontinent,4,3,42.33,5.25,48.3
Kamran Hussain,2008-2008,Male,Pakistan,Indian Subcontinent,2,3,22.33,3.94,34
Mohammad Zahid,2002-2002,Male,Pakistan,Indian Subcontinent,2,3,34.33,5.15,40
Shahid Nazir,2000-2000,Male,Pakistan,Indian Subcontinent,2,3,35.33,5.3,40
Younis Khan,2000-2015,Male,Pakistan,Indian Subcontinent,265,3,96,6.08,94.6
Aamer Yamin,2015-2018,Male,Pakistan,Indian Subcontinent,4,2,77,5.92,78
Ahmed Shehzad,2009-2017,Male,Pakistan,Indian Subcontinent,81,2,70,7.3,57.5
Asad Ali,2013-2013,Male,Pakistan,Indian Subcontinent,4,2,57.5,3.83,90
Hammad Azam,2011-2015,Male,Pakistan,Indian Subcontinent,11,2,84.5,5.12,99
Muhammad Musa,2020-2020,Male,Pakistan,Indian Subcontinent,2,2,50.5,6.24,48.5
Tanvir Ahmed,2011-2011,Male,Pakistan,Indian Subcontinent,2,2,41.5,8.3,30
Zafar Gohar,2015-2015,Male,Pakistan,Indian Subcontinent,1,2,27,5.4,30
Aamer Sohail,2000-2000,Male,Pakistan,Indian Subcontinent,3,1,114,6.33,108
Fakhar Zaman,2017-2021,Male,Pakistan,Indian Subcontinent,53,1,111,4.93,135
Imran Nazir,2000-2009,Male,Pakistan,Indian Subcontinent,77,1,48,5.87,49
Inzamam-ul-Haq,2000-2007,Male,Pakistan,Indian Subcontinent,175,1,12,4,18
Kashif Raza,2001-2001,Male,Pakistan,Indian Subcontinent,1,1,36,7.2,30
Mansoor Amjad,2008-2008,Male,Pakistan,Indian Subcontinent,1,1,44,5.5,48
Mohammad Abbas,2019-2019,Male,Pakistan,Indian Subcontinent,3,1,153,5.66,162
Mohammad Yousuf,2000-2010,Male,Pakistan,Indian Subcontinent,249,1,1,3,2
Raza Hasan,2014-2014,Male,Pakistan,Indian Subcontinent,1,1,68,6.8,60
Saeed Anwar,2000-2003,Male,Pakistan,Indian Subcontinent,60,1,15,3.75,24
Saud Shakeel,2021-2021,Male,Pakistan,Indian Subcontinent,3,1,37,4.72,47
Sohaib Maqsood,2013-2021,Male,Pakistan,Indian Subcontinent,29,1,42,4.66,54
Taufeeq Umar,2001-2011,Male,Pakistan,Indian Subcontinent,22,1,85,7.08,72
Usman Qadir,2021-2021,Male,Pakistan,Indian Subcontinent,1,1,48,5.33,54
Asad Shafiq,2010-2017,Male,Pakistan,Indian Subcontinent,60,0,-,9,-
Asif Ali,2018-2021,Male,Pakistan,Indian Subcontinent,20,0,-,10.8,-
Bazid Khan,2004-2008,Male,Pakistan,Indian Subcontinent,5,0,-,5.5,-
Danish Aziz,2021-2021,Male,Pakistan,Indian Subcontinent,2,0,-,5.4,-
Faisal Iqbal,2000-2006,Male,Pakistan,Indian Subcontinent,18,0,-,11,-
Fazl-e-Akbar,2001-2001,Male,Pakistan,Indian Subcontinent,1,0,-,2.9,-
Hussain Talat,2019-2019,Male,Pakistan,Indian Subcontinent,1,0,-,8,-
Ijaz Ahmed,2000-2000,Male,Pakistan,Indian Subcontinent,15,0,-,2.4,-
Irfan Fazil,2000-2000,Male,Pakistan,Indian Subcontinent,1,0,-,7.66,-
Misbah-ul-Haq,2002-2015,Male,Pakistan,Indian Subcontinent,162,0,-,7.5,-
Najaf Shah,2007-2007,Male,Pakistan,Indian Subcontinent,1,0,-,5.9,-
Naved Latif,2001-2003,Male,Pakistan,Indian Subcontinent,11,0,-,6.37,-
Rizwan Ahmed,2008-2008,Male,Pakistan,Indian Subcontinent,1,0,-,6.5,-
Saad Nasim,2015-2015,Male,Pakistan,Indian Subcontinent,3,0,-,7.66,-
Saleem Elahi,2000-2004,Male,Pakistan,Indian Subcontinent,30,0,-,10,-
Salman Butt,2004-2010,Male,Pakistan,Indian Subcontinent,78,0,-,7.82,-
Samiullah Khan,2008-2008,Male,Pakistan,Indian Subcontinent,2,0,-,5.75,-
Sarfaraz Ahmed,2007-2021,Male,Pakistan,Indian Subcontinent,117,0,-,7.5,-
Umar Amin,2010-2018,Male,Pakistan,Indian Subcontinent,16,0,-,3.42,-
Wajahatullah Wasti,2000-2000,Male,Pakistan,Indian Subcontinent,2,0,-,7.25,-
Yasir Hameed,2003-2007,Male,Pakistan,Indian Subcontinent,56,0,-,8.66,-
SM Pollock,2000-2008,Male,South Africa,Other,211,269,24.72,3.6,41.2
M Ntini,2000-2009,Male,South Africa,Other,171,263,24.6,4.52,32.6
JH Kallis,2000-2014,Male,South Africa,Other,246,213,32.21,4.9,39.4
DW Steyn,2006-2019,Male,South Africa,Other,123,194,26,4.88,31.9
M Morkel,2007-2018,Male,South Africa,Other,114,180,25.52,4.94,31
Imran Tahir,2011-2019,Male,South Africa,Other,107,173,24.83,4.65,32
K Rabada,2015-2021,Male,South Africa,Other,82,126,27.95,5.01,33.4
A Nel,2001-2008,Male,South Africa,Other,79,106,27.68,4.63,35.8
CK Langeveldt,2001-2010,Male,South Africa,Other,72,100,29.62,5.09,34.8
L Klusener,2000-2004,Male,South Africa,Other,105,97,33.73,4.6,43.9
AJ Hall,2000-2007,Male,South Africa,Other,87,95,26.07,4.5,34.7
WD Parnell,2009-2021,Male,South Africa,Other,66,94,29.18,5.64,31
LL Tsotsobe,2009-2013,Male,South Africa,Other,61,94,24.96,4.75,31.5
AL Phehlukwayo,2016-2021,Male,South Africa,Other,68,80,31.92,5.73,33.3
N Boje,2000-2005,Male,South Africa,Other,93,78,34.79,4.5,46.3
R McLaren,2009-2014,Male,South Africa,Other,54,77,27.29,5.24,31.2
RJ Peterson,2002-2014,Male,South Africa,Other,79,75,35.73,4.9,43.7
J Botha,2005-2012,Male,South Africa,Other,76,72,39.11,4.56,51.4
JP Duminy,2004-2019,Male,South Africa,Other,199,69,45.55,5.36,50.9
AA Donald,2000-2003,Male,South Africa,Other,43,66,24.09,4.49,32.1
L Ngidi,2018-2021,Male,South Africa,Other,29,54,24.14,5.62,25.7
CH Morris,2013-2019,Male,South Africa,Other,42,48,36.58,5.56,39.4
JA Morkel,2004-2012,Male,South Africa,Other,56,47,38,5.42,42
R Telemachus,2000-2006,Male,South Africa,Other,32,44,31.61,5.03,37.6
VD Philander,2007-2015,Male,South Africa,Other,30,41,24.04,4.62,31.1
T Shamsi,2016-2021,Male,South Africa,Other,31,40,34.05,5.25,38.8
KJ Abbott,2013-2016,Male,South Africa,Other,28,34,30.91,4.83,38.3
JM Kemp,2001-2007,Male,South Africa,Other,79,29,31.55,4.68,40.3
D Pretorius,2016-2019,Male,South Africa,Other,22,29,28.03,4.77,35.2
AM Phangiso,2013-2016,Male,South Africa,Other,21,26,31.88,4.58,41.7
A Nortje,2019-2021,Male,South Africa,Other,12,22,25.77,5.51,28
M Hayward,2000-2002,Male,South Africa,Other,20,21,39.19,5.09,46.1
KA Maharaj,2017-2021,Male,South Africa,Other,15,19,31.68,4.66,40.7
GC Smith,2002-2013,Male,South Africa,Other,196,18,52.83,5.56,57
RE van der Merwe,2009-2010,Male,South Africa,Other,13,17,33,4.77,41.4
AC Dawson,2001-2004,Male,South Africa,Other,16,16,36.56,4.78,45.8
F Behardien,2013-2018,Male,South Africa,Other,59,14,51.35,5.76,53.4
S Elworthy,2000-2002,Male,South Africa,Other,13,14,29.71,4.47,39.8
JJ van der Wath,2006-2007,Male,South Africa,Other,10,13,42.38,6.28,40.4
RK Kleinveldt,2013-2013,Male,South Africa,Other,10,12,37.33,5.23,42.7
J Theron,2010-2010,Male,South Africa,Other,4,12,14.41,5.35,16.1
M Zondeki,2002-2008,Male,South Africa,Other,11,11,40,5.23,45.8
PR Adams,2000-2003,Male,South Africa,Other,11,10,33.8,4.06,49.9
M de Lange,2012-2016,Male,South Africa,Other,4,10,19.8,5.68,20.9
PWA Mulder,2017-2021,Male,South Africa,Other,12,10,34.1,5.77,35.4
JL Ontong,2001-2012,Male,South Africa,Other,27,9,44,4.41,59.7
D Wiese,2015-2016,Male,South Africa,Other,6,9,35.11,6.44,32.6
HS Williams,2000-2000,Male,South Africa,Other,6,9,19.22,3.69,31.2
WJ Cronje,2000-2000,Male,South Africa,Other,16,8,42.5,5.27,48.3
AB de Villiers,2005-2018,Male,South Africa,Other,223,7,25.71,6,25.7
CW Henderson,2001-2001,Male,South Africa,Other,4,7,18.85,3.64,31
AK Markram,2017-2021,Male,South Africa,Other,34,7,38.57,5.4,42.8
BE Hendricks,2019-2021,Male,South Africa,Other,8,5,49.8,5.41,55.2
DM Benkenstein,2000-2002,Male,South Africa,Other,9,4,7.75,3.5,13.2
DN Crookes,2000-2000,Male,South Africa,Other,5,4,48,5.18,55.5
D Paterson,2017-2019,Male,South Africa,Other,4,4,54.25,6.22,52.2
JT Smuts,2020-2021,Male,South Africa,Other,6,4,41,5.46,45
DJ Terbrugge,2000-2000,Male,South Africa,Other,4,4,26.25,5,31.5
AM Bacher,2005-2005,Male,South Africa,Other,5,3,21.33,3.55,36
PL Harris,2008-2008,Male,South Africa,Other,3,3,27.66,2.76,60
GF Linde,2021-2021,Male,South Africa,Other,2,3,24,4.8,30
D Olivier,2019-2019,Male,South Africa,Other,2,3,41.33,6.52,38
MS Tshabalala,2007-2007,Male,South Africa,Other,4,3,50.33,6.04,50
F du Plessis,2011-2019,Male,South Africa,Other,143,2,94.5,5.9,96
D Elgar,2012-2018,Male,South Africa,Other,8,2,33.5,4.18,48
GJP Kruger,2006-2006,Male,South Africa,Other,3,2,69.5,6.04,69
J Louw,2008-2008,Male,South Africa,Other,3,2,74,5.69,78
L Sipamla,2020-2021,Male,South Africa,Other,5,2,86,5.67,91
PC Strydom,2000-2000,Male,South Africa,Other,10,2,103,4.9,126
M van Jaarsveld,2002-2004,Male,South Africa,Other,11,2,9,3.48,15.5
CM Willoughby,2000-2003,Male,South Africa,Other,3,2,74,5.28,84
CJ Dala,2018-2018,Male,South Africa,Other,2,1,121,7.11,102
DM Dupavillon,2020-2021,Male,South Africa,Other,2,1,51,4.63,66
RR Hendricks,2018-2021,Male,South Africa,Other,24,1,47,6.71,42
RR Rossouw,2014-2016,Male,South Africa,Other,36,1,44,5.86,45
M Shezi,2014-2014,Male,South Africa,Other,1,1,8,1.33,36
LB Williams,2021-2021,Male,South Africa,Other,1,1,62,7.75,48
S Abrahams,2000-2000,Male,South Africa,Other,1,0,-,4,-
GH Bodi,2007-2007,Male,South Africa,Other,2,0,-,8,-
DJ Cullinan,2000-2000,Male,South Africa,Other,16,0,-,4,-
CA Ingram,2010-2013,Male,South Africa,Other,31,0,-,17,-
JC Kent,2002-2002,Male,South Africa,Other,2,0,-,7.12,-
H Klaasen,2018-2021,Male,South Africa,Other,24,0,-,6.6,-
ND McKenzie,2000-2009,Male,South Africa,Other,64,0,-,3.52,-
AN Petersen,2006-2013,Male,South Africa,Other,21,0,-,7,-
AG Prince,2002-2007,Male,South Africa,Other,49,0,-,1.5,-
JN Rhodes,2000-2003,Male,South Africa,Other,81,0,-,1.71,-
JA Rudolph,2003-2006,Male,South Africa,Other,43,0,-,6.5,-
M Muralitharan,2000-2011,Male,Sri Lanka,Indian Subcontinent,214,346,20.83,3.77,33
SL Malinga,2004-2019,Male,Sri Lanka,Indian Subcontinent,226,338,28.87,5.35,32.3
WPUJC Vaas,2000-2008,Male,Sri Lanka,Indian Subcontinent,195,246,26.84,4.12,39
KMDN Kulasekara,2003-2017,Male,Sri Lanka,Indian Subcontinent,184,199,33.92,4.9,41.5
CRD Fernando,2001-2012,Male,Sri Lanka,Indian Subcontinent,146,183,30.66,5.22,35.2
NLTC Perera,2009-2021,Male,Sri Lanka,Indian Subcontinent,166,175,32.8,5.83,33.7
BAW Mendis,2008-2015,Male,Sri Lanka,Indian Subcontinent,87,152,21.86,4.8,27.3
ST Jayasuriya,2000-2011,Male,Sri Lanka,Indian Subcontinent,243,146,39.66,4.68,50.7
MF Maharoof,2004-2016,Male,Sri Lanka,Indian Subcontinent,109,135,28.06,4.89,34.3
AD Mathews,2008-2021,Male,Sri Lanka,Indian Subcontinent,218,120,33.35,4.62,43.2
RAS Lakmal,2009-2021,Male,Sri Lanka,Indian Subcontinent,86,109,32.42,5.46,35.6
TM Dilshan,2000-2016,Male,Sri Lanka,Indian Subcontinent,325,106,45.07,4.87,55.4
DNT Zoysa,2000-2007,Male,Sri Lanka,Indian Subcontinent,77,91,28.89,4.62,37.4
UDU Chandana,2000-2007,Male,Sri Lanka,Indian Subcontinent,81,84,33.75,4.71,42.9
HMRKB Herath,2004-2015,Male,Sri Lanka,Indian Subcontinent,71,74,31.91,4.37,43.8
N Pradeep,2012-2021,Male,Sri Lanka,Indian Subcontinent,47,59,37.47,5.96,37.7
A Dananjaya,2012-2021,Male,Sri Lanka,Indian Subcontinent,39,56,29.66,5.15,34.5
SMSM Senanayake,2012-2015,Male,Sri Lanka,Indian Subcontinent,49,53,35.35,4.76,44.4
T Thushara,2008-2010,Male,Sri Lanka,Indian Subcontinent,38,50,27.86,4.98,33.5
HDPK Dharmasena,2000-2004,Male,Sri Lanka,Indian Subcontinent,47,46,32.6,3.89,50.2
PVD Chameera,2015-2021,Male,Sri Lanka,Indian Subcontinent,37,39,35.43,5.4,39.3
HMCM Bandara,2006-2010,Male,Sri Lanka,Indian Subcontinent,31,36,34.22,5.02,40.8
S Randiv,2009-2016,Male,Sri Lanka,Indian Subcontinent,31,36,33.72,5.06,39.9
RP Arnold,2000-2007,Male,Sri Lanka,Indian Subcontinent,163,32,44.09,4.85,54.5
KTGD Prasad,2006-2015,Male,Sri Lanka,Indian Subcontinent,24,32,30.5,5.76,31.7
S Prasanna,2011-2019,Male,Sri Lanka,Indian Subcontinent,40,32,55.21,5.45,60.7
KS Lokuarachchi,2003-2007,Male,Sri Lanka,Indian Subcontinent,21,31,23.38,4.3,32.6
PWH de Silva,2017-2021,Male,Sri Lanka,Indian Subcontinent,29,29,37.89,5.03,45.1
DM de Silva,2016-2021,Male,Sri Lanka,Indian Subcontinent,56,28,41.5,5.17,48
BMAJ Mendis,2010-2019,Male,Sri Lanka,Indian Subcontinent,58,28,43,5.14,50.1
PW Gunaratne,2002-2003,Male,Sri Lanka,Indian Subcontinent,23,27,33.62,5.68,35.5
RAP Nissanka,2001-2003,Male,Sri Lanka,Indian Subcontinent,23,27,31.74,5.15,36.9
PADLR Sandakan,2016-2021,Male,Sri Lanka,Indian Subcontinent,31,27,57,6.2,55.1
DAS Gunaratne,2016-2019,Male,Sri Lanka,Indian Subcontinent,31,22,32.86,5.2,37.9
PA de Silva,2000-2003,Male,Sri Lanka,Indian Subcontinent,44,21,37.9,4.79,47.4
RMS Eranga,2011-2016,Male,Sri Lanka,Indian Subcontinent,19,21,32.66,5.74,34
I Udana,2012-2021,Male,Sri Lanka,Indian Subcontinent,21,18,52.77,6.27,50.5
PDRL Perera,2006-2007,Male,Sri Lanka,Indian Subcontinent,17,16,43.37,5.42,48
TCB Fernando,2001-2003,Male,Sri Lanka,Indian Subcontinent,17,15,39.06,5.02,46.6
SS Pathirana,2015-2017,Male,Sri Lanka,Indian Subcontinent,18,15,48,5.64,51
UWMBCA Welegedara,2009-2010,Male,Sri Lanka,Indian Subcontinent,10,15,28.86,5.68,30.4
CBRLS Kumara,2017-2019,Male,Sri Lanka,Indian Subcontinent,13,13,47.92,6.87,41.8
MDK Perera,2007-2018,Male,Sri Lanka,Indian Subcontinent,13,13,31.46,5.38,35
MD Shanaka,2016-2021,Male,Sri Lanka,Indian Subcontinent,34,12,32.5,5.57,35
JDF Vandersay,2015-2019,Male,Sri Lanka,Indian Subcontinent,12,11,43.63,5.86,44.6
MA Aponso,2016-2018,Male,Sri Lanka,Indian Subcontinent,9,10,37.7,5.34,42.3
CAK Rajitha,2018-2021,Male,Sri Lanka,Indian Subcontinent,10,10,43.2,6.54,39.6
MKDI Amerasinghe,2007-2008,Male,Sri Lanka,Indian Subcontinent,8,9,40.33,5.11,47.3
PLS Gamage,2014-2017,Male,Sri Lanka,Indian Subcontinent,9,9,43.55,5.85,44.6
TAM Siriwardana,2015-2019,Male,Sri Lanka,Indian Subcontinent,27,9,60.77,5.46,66.7
GP Wickramasinghe,2000-2002,Male,Sri Lanka,Indian Subcontinent,11,9,44.33,5.67,46.8
MD Gunathilaka,2015-2021,Male,Sri Lanka,Indian Subcontinent,44,8,46.37,5.53,50.2
MKGCP Lakshitha,2002-2003,Male,Sri Lanka,Indian Subcontinent,7,8,31.75,5.08,37.5
LHD Dilhara,2005-2013,Male,Sri Lanka,Indian Subcontinent,9,6,43.5,4.74,55
KHRK Fernando,2002-2006,Male,Sri Lanka,Indian Subcontinent,7,6,26.5,4.07,39
C Karunaratne,2021-2021,Male,Sri Lanka,Indian Subcontinent,10,6,36,5.26,41
K Weeraratne,2000-2008,Male,Sri Lanka,Indian Subcontinent,15,6,64.16,4.81,80
PC de Silva,2014-2017,Male,Sri Lanka,Indian Subcontinent,7,5,51.2,4.86,63.2
MVT Fernando,2017-2019,Male,Sri Lanka,Indian Subcontinent,8,5,67.4,6.8,59.4
P Jayawickrama,2021-2021,Male,Sri Lanka,Indian Subcontinent,5,5,35.4,5.36,39.6
SMA Priyanjan,2013-2015,Male,Sri Lanka,Indian Subcontinent,23,5,46.6,5.27,53
TT Samaraweera,2001-2011,Male,Sri Lanka,Indian Subcontinent,47,5,55.4,4.54,73.2
KEA Upashantha,2000-2001,Male,Sri Lanka,Indian Subcontinent,4,5,27.4,5.07,32.4
LD Madushanka,2017-2017,Male,Sri Lanka,Indian Subcontinent,4,4,43,7.16,36
M Theekshana,2021-2021,Male,Sri Lanka,Indian Subcontinent,1,4,9.25,3.7,15
IS Gallage,2001-2001,Male,Sri Lanka,Indian Subcontinent,2,3,26.33,4.93,32
GSNFG Jayasuriya,2015-2019,Male,Sri Lanka,Indian Subcontinent,12,3,92.33,5.32,104
DSK Madushanka,2018-2018,Male,Sri Lanka,Indian Subcontinent,1,3,8.66,4.21,12.3
ASA Perera,2001-2001,Male,Sri Lanka,Indian Subcontinent,9,3,44.66,5.58,48
HDRL Thirimanne,2010-2019,Male,Sri Lanka,Indian Subcontinent,127,3,31.33,5.42,34.6
KSC de Silva,2000-2000,Male,Sri Lanka,Indian Subcontinent,1,2,17,5.66,18
B Fernando,2021-2021,Male,Sri Lanka,Indian Subcontinent,4,2,68,5.36,76
KADM Fernando,2003-2003,Male,Sri Lanka,Indian Subcontinent,1,2,6.5,1.85,21
D Gamage,2003-2003,Male,Sri Lanka,Indian Subcontinent,3,2,41.5,5.24,47.5
WCA Ganegama,2001-2006,Male,Sri Lanka,Indian Subcontinent,4,2,44,8,33
DPMD Jayawardene,2000-2015,Male,Sri Lanka,Indian Subcontinent,404,2,59.5,6.1,58.5
SHT Kandamby,2004-2014,Male,Sri Lanka,Indian Subcontinent,39,2,86.5,5.96,87
CK Kapugedera,2006-2017,Male,Sri Lanka,Indian Subcontinent,102,2,112.5,5.11,132
RTM Mendis,2021-2021,Male,Sri Lanka,Indian Subcontinent,3,2,24,6,24
J Mubarak,2002-2013,Male,Sri Lanka,Indian Subcontinent,40,2,47.5,4.41,64.5
KIC Asalanka,2021-2021,Male,Sri Lanka,Indian Subcontinent,8,1,29,7.25,24
KMC Bandara,2016-2016,Male,Sri Lanka,Indian Subcontinent,1,1,83,8.3,60
PS Jayaprakashdaran,2005-2005,Male,Sri Lanka,Indian Subcontinent,1,1,21,3.5,36
DK Liyanage,2001-2001,Male,Sri Lanka,Indian Subcontinent,1,1,23,3.83,36
PHKD Mendis,2019-2021,Male,Sri Lanka,Indian Subcontinent,4,1,100,5.88,102
PM Pushpakumara,2017-2017,Male,Sri Lanka,Indian Subcontinent,2,1,105,5.52,114
LPC Silva,2001-2011,Male,Sri Lanka,Indian Subcontinent,68,1,33,4.71,42
S Weerakoon,2012-2012,Male,Sri Lanka,Indian Subcontinent,2,1,49,4.9,60
KNA Bandara,2021-2021,Male,Sri Lanka,Indian Subcontinent,5,0,-,8,-
AM Fernando,2017-2021,Male,Sri Lanka,Indian Subcontinent,4,0,-,6.9,-
BOP Fernando,2019-2021,Male,Sri Lanka,Indian Subcontinent,8,0,-,8,-
WS Jayantha,2004-2004,Male,Sri Lanka,Indian Subcontinent,17,0,-,5.01,-
NGRP Jayasuriya,2018-2018,Male,Sri Lanka,Indian Subcontinent,2,0,-,5.93,-
FDM Karunaratne,2011-2021,Male,Sri Lanka,Indian Subcontinent,34,0,-,6.75,-
PHT Kaushal,2015-2015,Male,Sri Lanka,Indian Subcontinent,1,0,-,4.16,-
CKB Kulasekara,2011-2012,Male,Sri Lanka,Indian Subcontinent,4,0,-,6.15,-
D Lakshan,2021-2021,Male,Sri Lanka,Indian Subcontinent,1,0,-,6,-
BKG Mendis,2016-2021,Male,Sri Lanka,Indian Subcontinent,79,0,-,8.4,-
AK Perera,2013-2019,Male,Sri Lanka,Indian Subcontinent,6,0,-,5.5,-
M Pushpakumara,2009-2010,Male,Sri Lanka,Indian Subcontinent,3,0,-,4.2,-
KDK Vithanage,2013-2014,Male,Sri Lanka,Indian Subcontinent,6,0,-,8.5,-
DJ Bravo,2004-2014,Male,West Indies,Other,164,199,29.51,5.41,32.7
CH Gayle,2000-2019,Male,West Indies,Other,291,164,34.64,4.78,43.4
JO Holder,2013-2021,Male,West Indies,Other,121,140,37.23,5.56,40.1
JE Taylor,2003-2017,Male,West Indies,Other,90,128,29.53,5.22,33.9
KAJ Roach,2008-2019,Male,West Indies,Other,92,124,30.34,5.06,35.9
R Rampaul,2003-2015,Male,West Indies,Other,92,117,29.35,5.1,34.4
SP Narine,2011-2016,Male,West Indies,Other,65,92,26.46,4.12,38.4
MN Samuels,2000-2018,Male,West Indies,Other,207,89,46.37,4.86,57.2
CD Collymore,2000-2007,Male,West Indies,Other,81,81,34.96,4.35,48.2
DJG Sammy,2004-2015,Male,West Indies,Other,126,81,47.54,4.66,61.1
M Dillon,2000-2005,Male,West Indies,Other,73,80,36.55,4.74,46.2
IDR Bradshaw,2004-2007,Male,West Indies,Other,62,78,29.47,4.34,40.6
DBL Powell,2002-2009,Male,West Indies,Other,55,71,31.53,4.71,40.1
AD Russell,2011-2019,Male,West Indies,Other,56,70,31.84,5.84,32.7
DR Smith,2004-2015,Male,West Indies,Other,105,61,37.45,5.02,44.6
FH Edwards,2003-2009,Male,West Indies,Other,50,60,30.2,5.08,35.6
AS Joseph,2016-2021,Male,West Indies,Other,37,60,28.56,5.5,31.1
KA Pollard,2007-2021,Male,West Indies,Other,119,54,39.79,5.72,41.7
SS Cottrell,2015-2021,Male,West Indies,Other,38,52,32.4,5.87,33.1
AR Nurse,2016-2019,Male,West Indies,Other,54,49,43.36,5.34,48.6
VC Drakes,2002-2004,Male,West Indies,Other,29,48,22.68,4.66,29.1
NO Miller,2008-2018,Male,West Indies,Other,50,45,36.88,4.68,47.2
CR Brathwaite,2011-2019,Male,West Indies,Other,44,43,41.06,5.8,42.4
SJ Benn,2008-2016,Male,West Indies,Other,47,39,49.05,4.8,61.2
PT Collins,2000-2005,Male,West Indies,Other,29,39,29.58,4.56,38.8
RD King,2000-2005,Male,West Indies,Other,24,39,22.23,4.18,31.8
D Bishoo,2011-2019,Male,West Indies,Other,42,38,43.89,4.94,53.2
TL Best,2004-2014,Male,West Indies,Other,26,34,34.02,5.34,38.2
ST Gabriel,2016-2019,Male,West Indies,Other,25,33,34.36,5.92,34.7
CE Cuffy,2001-2002,Male,West Indies,Other,30,32,33.87,4.04,50.1
CL Hooper,2001-2003,Male,West Indies,Other,45,30,47,4.28,65.8
WW Hinds,2000-2010,Male,West Indies,Other,109,27,28.66,5.24,32.7
O Thomas,2018-2020,Male,West Indies,Other,20,27,32.07,6.73,28.5
NAM McLean,2000-2003,Male,West Indies,Other,24,23,41.34,4.8,51.6
KMA Paul,2018-2020,Male,West Indies,Other,19,23,38.3,6.04,38
FA Rose,2000-2000,Male,West Indies,Other,14,19,27.84,4.4,37.8
HR Walsh,2019-2021,Male,West Indies,Other,12,19,22.84,4.89,28
MV Nagamootoo,2000-2002,Male,West Indies,Other,24,18,55.44,5.03,66
JJC Lawson,2001-2005,Male,West Indies,Other,13,17,29.29,5.35,32.8
RR Sarwan,2000-2013,Male,West Indies,Other,181,16,36.62,6.05,36.3
RL Chase,2017-2020,Male,West Indies,Other,30,15,47.93,4.83,59.5
DE Bernard,2003-2010,Male,West Indies,Other,20,14,37.57,5.05,44.5
AJ Hosein,2021-2021,Male,West Indies,Other,9,14,23.07,3.97,34.8
JC Adams,2000-2001,Male,West Indies,Other,28,12,36.25,4.74,45.8
NC McGarrell,2001-2001,Male,West Indies,Other,12,12,39.16,4.3,54.5
LS Baker,2008-2009,Male,West Indies,Other,10,11,32.27,5,38.7
A Martin,2011-2011,Male,West Indies,Other,9,11,26.9,4,40.3
RL Powell,2000-2005,Male,West Indies,Other,92,11,34.81,5.95,35
RN Lewis,2006-2009,Male,West Indies,Other,12,10,36.9,5.08,43.5
D Mohammed,2006-2008,Male,West Indies,Other,7,10,23.5,3.99,35.3
LR Williams,2000-2001,Male,West Indies,Other,9,10,38.3,5.03,45.6
ML Cummins,2014-2017,Male,West Indies,Other,11,9,52.66,6.32,50
KOK Williams,2017-2018,Male,West Indies,Other,8,9,32.55,5.32,36.6
JN Mohammed,2011-2021,Male,West Indies,Other,36,8,42.5,4.63,55
V Permaul,2012-2017,Male,West Indies,Other,7,8,33.87,4.91,41.3
CEL Stuart,2001-2001,Male,West Indies,Other,5,8,25.62,4.76,32.2
OAC Banks,2003-2005,Male,West Indies,Other,5,7,27,4.2,38.5
N Deonarine,2005-2015,Male,West Indies,Other,31,6,79.16,5.68,83.5
RO Hinds,2001-2004,Male,West Indies,Other,14,6,58.33,5.15,67.8
FA Allen,2018-2021,Male,West Indies,Other,17,5,104.2,5.72,109.2
D Brown,2001-2002,Male,West Indies,Other,3,5,24.8,4.96,30
RO Hurley,2003-2004,Male,West Indies,Other,9,5,62.6,4.96,75.6
BP Nash,2008-2009,Male,West Indies,Other,9,5,44.8,4.57,58.8
RA Reifer,2019-2021,Male,West Indies,Other,5,5,26.6,5.58,28.6
GC Tonge,2009-2009,Male,West Indies,Other,5,5,44.8,4.48,60
CEL Ambrose,2000-2000,Male,West Indies,Other,6,4,30.5,2.34,78
JL Carter,2015-2019,Male,West Indies,Other,33,4,40,7.05,34
KCB Jeremy,2000-2001,Male,West Indies,Other,6,4,40.75,5.09,48
OC McCoy,2018-2018,Male,West Indies,Other,2,4,27.25,7.78,21
NO Perry,2000-2000,Male,West Indies,Other,6,4,63,5.04,75
R Shepherd,2019-2021,Male,West Indies,Other,7,4,60.25,5.2,69.5
DK Butler,2005-2006,Male,West Indies,Other,5,3,62.66,4.58,82
R Powell,2016-2021,Male,West Indies,Other,37,3,81,5.95,81.6
SL Campbell,2000-2001,Male,West Indies,Other,25,2,28.5,6.33,27
DC Thomas,2009-2013,Male,West Indies,Other,21,2,5.5,9.42,3.5
CA Walsh,2000-2000,Male,West Indies,Other,3,2,75,5.76,78
RR Beaton,2017-2017,Male,West Indies,Other,2,1,102,6,102
KC Brathwaite,2016-2017,Male,West Indies,Other,10,1,140,5.52,152
S Chattergoon,2006-2009,Male,West Indies,Other,18,1,48,3.6,80
KR Mayers,2021-2021,Male,West Indies,Other,3,1,49,5.44,54
K Pierre,2019-2020,Male,West Indies,Other,3,1,158,6.07,156
D Ramnarine,2000-2001,Male,West Indies,Other,3,1,112,4.8,140
LMP Simmons,2006-2015,Male,West Indies,Other,68,1,172,6.61,156
MI Black,2001-2001,Male,West Indies,Other,5,0,-,5.15,-
J Blackwood,2015-2015,Male,West Indies,Other,2,0,-,5.33,-
NE Bonner,2021-2021,Male,West Indies,Other,3,0,-,5.29,-
JD Campbell,2019-2019,Male,West Indies,Other,6,0,-,13,-
S Chanderpaul,2000-2011,Male,West Indies,Other,181,0,-,4.9,-
J Charles,2012-2016,Male,West Indies,Other,48,0,-,14.4,-
RR Emrit,2007-2007,Male,West Indies,Other,2,0,-,7.07,-
ADS Fletcher,2008-2016,Male,West Indies,Other,25,0,-,5.57,-
D Ganga,2001-2006,Male,West Indies,Other,33,0,-,24,-
KJ Harding,2021-2021,Male,West Indies,Other,1,0,-,8.8,-
C Hemraj,2018-2018,Male,West Indies,Other,6,0,-,7.71,-
CK Holder,2021-2021,Male,West Indies,Other,1,0,-,8.66,-
BC Lara,2000-2007,Male,West Indies,Other,133,0,-,15,-
AM McCarthy,2021-2021,Male,West Indies,Other,2,0,-,5,-
XM Marshall,2005-2009,Male,West Indies,Other,24,0,-,4,-
RS Morton,2002-2010,Male,West Indies,Other,56,0,-,2,-
NT Pascal,2009-2009,Male,West Indies,Other,1,0,-,7.25,-
A Phillip,2021-2021,Male,West Indies,Other,1,0,-,7.16,-
N Pooran,2019-2021,Male,West Indies,Other,31,0,-,12,-
DS Smith,2003-2013,Male,West Indies,Other,47,0,-,6,-